"Date","Price","Open","High","Low","Vol.","Change %"
"10/24/2025","152.87","152.57","153.08","152.32","","0.18%"
"10/23/2025","152.59","151.98","152.81","151.82","","0.39%"
"10/22/2025","151.99","151.93","152.06","151.49","","0.03%"
"10/21/2025","151.94","150.75","152.19","150.46","","0.79%"
"10/20/2025","150.75","150.46","151.21","150.26","","-0.11%"
"10/19/2025","150.92","150.47","150.97","150.37","","0.19%"
"10/17/2025","150.64","150.40","150.64","149.38","","0.14%"
"10/16/2025","150.43","151.04","151.41","150.21","","-0.41%"
"10/15/2025","151.05","151.85","151.89","150.89","","-0.53%"
"10/14/2025","151.85","152.28","152.63","151.60","","-0.28%"
"10/13/2025","152.28","151.80","152.46","151.71","","0.73%"
"10/10/2025","151.18","153.08","153.29","151.15","","-1.23%"
"10/09/2025","153.07","152.74","153.24","152.22","","0.25%"
"10/08/2025","152.69","151.91","153.01","151.74","","0.51%"
"10/07/2025","151.91","150.34","152.06","150.24","","1.03%"
"10/06/2025","150.36","149.23","150.49","149.05","","1.97%"
"10/03/2025","147.45","147.26","147.83","147.08","","0.13%"
"10/02/2025","147.26","147.07","147.52","146.60","","0.13%"
"10/01/2025","147.07","147.92","148.24","146.58","","-0.57%"
"09/30/2025","147.92","148.60","148.85","147.64","","-0.46%"
"09/29/2025","148.60","149.50","149.56","148.46","","-0.61%"
"09/26/2025","149.51","149.85","149.96","149.39","","-0.19%"
"09/25/2025","149.80","148.90","149.94","148.56","","0.60%"
"09/24/2025","148.91","147.64","148.92","147.51","","0.86%"
"09/23/2025","147.64","147.72","147.94","147.45","","-0.05%"
"09/22/2025","147.72","147.96","148.39","147.65","","-0.17%"
"09/19/2025","147.97","148.00","148.30","147.20","","-0.02%"
"09/18/2025","148.00","146.95","148.27","146.76","","0.69%"
"09/17/2025","146.99","146.50","147.06","145.48","","0.33%"
"09/16/2025","146.50","147.42","147.55","146.27","","-0.62%"
"09/15/2025","147.41","147.76","147.81","147.23","","-0.18%"
"09/12/2025","147.67","147.20","148.08","147.12","","0.32%"
"09/11/2025","147.20","147.47","148.01","146.98","","-0.18%"
"09/10/2025","147.47","147.42","147.65","147.13","","0.03%"
"09/09/2025","147.42","147.52","147.57","146.31","","-0.07%"
"09/08/2025","147.52","148.24","148.58","147.33","","0.07%"
"09/05/2025","147.41","148.49","148.56","146.82","","-0.73%"
"09/04/2025","148.49","148.10","148.79","147.80","","0.26%"
"09/03/2025","148.10","148.34","149.14","147.88","","-0.16%"
"09/02/2025","148.34","147.18","148.95","147.04","","0.79%"
"09/01/2025","147.18","147.08","147.39","146.77","","0.09%"
"08/29/2025","147.05","146.93","147.42","146.75","","0.08%"
"08/28/2025","146.93","147.42","147.51","146.65","","-0.33%"
"08/27/2025","147.41","147.42","148.20","147.29","","0.00%"
"08/26/2025","147.41","147.79","147.92","146.99","","-0.26%"
"08/25/2025","147.79","146.93","147.95","146.75","","0.57%"
"08/22/2025","146.95","148.33","148.79","146.57","","-0.96%"
"08/21/2025","148.38","147.33","148.42","147.25","","0.71%"
"08/20/2025","147.33","147.66","147.82","146.87","","-0.24%"
"08/19/2025","147.68","147.80","148.12","147.44","","-0.14%"
"08/18/2025","147.88","147.15","148.00","147.04","","0.46%"
"08/15/2025","147.20","147.76","147.90","146.74","","-0.38%"
"08/14/2025","147.76","147.38","147.97","146.20","","0.25%"
"08/13/2025","147.39","147.77","148.18","147.08","","-0.30%"
"08/12/2025","147.84","148.15","148.54","147.57","","-0.20%"
"08/11/2025","148.14","147.61","148.26","147.35","","0.28%"
"08/08/2025","147.73","147.15","147.91","146.72","","0.41%"
"08/07/2025","147.13","147.36","147.73","146.68","","-0.16%"
"08/06/2025","147.37","147.57","147.90","146.96","","-0.16%"
"08/05/2025","147.61","147.17","147.85","146.62","","0.35%"
"08/04/2025","147.09","147.35","148.10","146.86","","-0.20%"
"08/01/2025","147.38","150.76","150.93","147.29","","-2.24%"
"07/31/2025","150.76","149.51","150.85","148.58","","0.84%"
"07/30/2025","149.51","148.51","149.55","147.80","","0.71%"
"07/29/2025","148.46","148.54","148.82","148.15","","-0.06%"
"07/28/2025","148.55","147.79","148.59","147.51","","0.60%"
"07/25/2025","147.67","147.01","147.95","146.82","","0.45%"
"07/24/2025","147.01","146.48","147.04","145.84","","0.34%"
"07/23/2025","146.51","146.63","147.22","146.11","","-0.09%"
"07/22/2025","146.64","147.31","147.95","146.31","","-0.51%"
"07/21/2025","147.39","148.07","148.68","147.07","","-0.97%"
"07/18/2025","148.83","148.62","148.89","148.18","","0.14%"
"07/17/2025","148.62","147.86","149.10","147.72","","0.50%"
"07/16/2025","147.88","148.90","149.20","146.91","","-0.67%"
"07/15/2025","148.88","147.72","149.03","147.55","","0.79%"
"07/14/2025","147.71","147.31","147.79","146.85","","0.20%"
"07/11/2025","147.42","146.27","147.52","146.13","","0.79%"
"07/10/2025","146.26","146.32","146.80","145.75","","-0.04%"
"07/09/2025","146.32","146.57","147.19","146.25","","-0.17%"
"07/08/2025","146.57","146.04","146.99","145.83","","0.36%"
"07/07/2025","146.05","144.44","146.26","144.21","","1.03%"
"07/04/2025","144.56","144.92","144.98","144.17","","-0.26%"
"07/03/2025","144.93","143.69","145.25","143.44","","0.86%"
"07/02/2025","143.69","143.42","144.26","143.32","","0.17%"
"07/01/2025","143.44","144.04","144.11","142.68","","-0.42%"
"06/30/2025","144.04","144.47","144.77","143.77","","-0.44%"
"06/27/2025","144.67","144.42","144.96","144.18","","0.19%"
"06/26/2025","144.39","145.23","145.28","143.75","","-0.60%"
"06/25/2025","145.26","144.95","145.96","144.60","","0.23%"
"06/24/2025","144.93","146.18","146.23","144.51","","-0.84%"
"06/23/2025","146.16","145.99","148.04","145.90","","0.04%"
"06/20/2025","146.10","145.46","146.23","145.12","","0.44%"
"06/19/2025","145.46","145.14","145.78","144.74","","0.23%"
"06/18/2025","145.12","145.29","145.45","144.33","","-0.11%"
"06/17/2025","145.28","144.74","145.39","144.39","","0.37%"
"06/16/2025","144.74","143.97","144.89","143.64","","0.44%"
"06/13/2025","144.10","143.48","144.50","142.80","","0.42%"
"06/12/2025","143.50","144.55","144.58","143.18","","-0.73%"
"06/11/2025","144.55","144.86","145.48","144.32","","-0.21%"
"06/10/2025","144.86","144.56","145.31","144.39","","0.17%"
"06/09/2025","144.61","144.90","144.98","143.97","","-0.18%"
"06/06/2025","144.87","143.51","145.10","143.38","","0.92%"
"06/05/2025","143.55","142.76","143.99","142.53","","0.55%"
"06/04/2025","142.76","143.98","144.40","142.60","","-0.87%"
"06/03/2025","144.01","142.72","144.12","142.38","","0.90%"
"06/02/2025","142.72","144.06","144.14","142.54","","-0.93%"
"05/30/2025","144.06","144.23","144.45","143.43","","-0.10%"
"05/29/2025","144.20","144.84","146.29","143.95","","-0.43%"
"05/28/2025","144.83","144.32","145.09","143.85","","0.35%"
"05/27/2025","144.33","142.85","144.46","142.11","","1.04%"
"05/26/2025","142.85","142.45","143.09","142.22","","0.20%"
"05/23/2025","142.57","144.01","144.14","142.42","","-1.00%"
"05/22/2025","144.01","143.68","144.41","142.80","","0.23%"
"05/21/2025","143.68","144.54","144.60","143.28","","-0.57%"
"05/20/2025","144.51","144.86","145.51","144.08","","-0.24%"
"05/19/2025","144.86","145.38","145.50","144.65","","-0.53%"
"05/16/2025","145.63","145.67","146.11","144.92","","-0.03%"
"05/15/2025","145.67","146.74","146.76","145.42","","-0.74%"
"05/14/2025","146.76","147.49","147.68","145.60","","-0.49%"
"05/13/2025","147.48","148.46","148.50","147.37","","-0.66%"
"05/12/2025","148.46","145.82","148.66","145.70","","2.13%"
"05/09/2025","145.36","145.92","146.19","144.82","","-0.38%"
"05/08/2025","145.92","143.82","146.19","143.45","","1.46%"
"05/07/2025","143.82","142.43","144.00","142.40","","0.98%"
"05/06/2025","142.43","143.71","144.28","142.35","","-0.89%"
"05/05/2025","143.71","144.95","145.09","143.54","","-0.86%"
"05/02/2025","144.95","145.44","145.93","143.73","","-0.34%"
"05/01/2025","145.44","143.07","145.75","142.88","","1.66%"
"04/30/2025","143.07","142.36","143.20","142.14","","0.50%"
"04/29/2025","142.36","142.01","142.77","141.97","","0.25%"
"04/28/2025","142.01","143.74","143.94","141.99","","-1.18%"
"04/25/2025","143.70","142.68","144.05","142.55","","0.75%"
"04/24/2025","142.63","143.43","143.44","142.28","","-0.57%"
"04/23/2025","143.45","141.55","143.58","141.48","","1.31%"
"04/22/2025","141.59","140.87","141.68","139.88","","0.53%"
"04/21/2025","140.85","142.14","142.19","140.47","","-0.93%"
"04/18/2025","142.17","142.45","142.51","142.12","","-0.17%"
"04/17/2025","142.41","141.92","143.10","141.61","","0.42%"
"04/16/2025","141.82","143.26","143.32","141.64","","-0.98%"
"04/15/2025","143.23","143.00","143.61","142.60","","0.17%"
"04/14/2025","142.98","144.12","144.32","142.24","","-0.37%"
"04/11/2025","143.51","144.45","144.63","142.07","","-0.65%"
"04/10/2025","144.45","147.55","147.72","144.01","","-2.21%"
"04/09/2025","147.72","146.27","148.29","144.00","","0.98%"
"04/08/2025","146.28","147.83","148.13","145.96","","-1.06%"
"04/07/2025","147.84","147.06","148.15","144.82","","0.64%"
"04/04/2025","146.90","146.07","147.44","144.55","","0.58%"
"04/03/2025","146.06","149.26","149.28","145.19","","-2.13%"
"04/02/2025","149.24","149.58","150.49","149.10","","-0.25%"
"04/01/2025","149.61","149.96","150.15","148.96","","-0.23%"
"03/31/2025","149.95","149.80","150.28","148.70","","0.09%"
"03/28/2025","149.81","151.05","151.22","149.68","","-0.82%"
"03/27/2025","151.05","150.61","151.18","150.06","","0.31%"
"03/26/2025","150.58","149.91","150.78","149.83","","0.45%"
"03/25/2025","149.90","150.70","150.95","149.55","","-0.52%"
"03/24/2025","150.69","149.37","150.78","149.36","","0.92%"
"03/21/2025","149.31","148.76","149.68","148.58","","0.36%"
"03/20/2025","148.78","148.73","148.99","148.18","","0.07%"
"03/19/2025","148.68","149.27","150.16","148.61","","-0.39%"
"03/18/2025","149.26","149.23","149.95","149.08","","0.03%"
"03/17/2025","149.21","148.32","149.31","148.39","","0.40%"
"03/14/2025","148.62","147.82","149.04","147.76","","0.55%"
"03/13/2025","147.81","148.26","148.39","147.40","","-0.30%"
"03/12/2025","148.25","147.79","149.20","147.72","","0.32%"
"03/11/2025","147.77","147.27","148.14","146.54","","0.35%"
"03/10/2025","147.26","147.89","147.99","146.63","","-0.52%"
"03/07/2025","148.03","147.99","148.22","146.95","","0.05%"
"03/06/2025","147.95","148.89","149.35","147.31","","-0.62%"
"03/05/2025","148.88","149.81","150.20","148.39","","-0.61%"
"03/04/2025","149.80","149.51","149.89","148.08","","0.20%"
"03/03/2025","149.50","150.49","151.34","149.10","","-0.73%"
"02/28/2025","150.60","149.81","151.00","149.10","","0.53%"
"02/27/2025","149.80","149.10","150.20","148.74","","0.48%"
"02/26/2025","149.08","149.04","149.90","148.64","","0.04%"
"02/25/2025","149.02","149.72","150.31","148.57","","-0.46%"
"02/24/2025","149.71","149.39","149.89","148.85","","0.28%"
"02/21/2025","149.29","149.64","150.75","148.92","","-0.23%"
"02/20/2025","149.63","151.48","151.48","149.39","","-1.21%"
"02/19/2025","151.47","152.07","152.32","151.24","","-0.38%"
"02/18/2025","152.05","151.50","152.25","151.23","","0.36%"
"02/17/2025","151.50","152.24","152.41","151.33","","-0.54%"
"02/14/2025","152.33","152.80","153.16","152.02","","-0.30%"
"02/13/2025","152.79","154.42","154.68","152.70","","-1.05%"
"02/12/2025","154.41","152.49","154.81","152.38","","1.27%"
"02/11/2025","152.48","152.00","152.63","151.64","","0.32%"
"02/10/2025","151.99","151.26","152.55","151.25","","0.39%"
"02/07/2025","151.40","151.41","152.42","150.94","","-0.03%"
"02/06/2025","151.44","152.61","152.90","151.24","","-0.76%"
"02/05/2025","152.60","154.34","154.47","152.11","","-1.12%"
"02/04/2025","154.33","154.76","155.53","154.17","","-0.27%"
"02/03/2025","154.75","154.94","155.89","154.01","","-0.28%"
"01/31/2025","155.18","154.30","155.24","153.92","","0.57%"
"01/30/2025","154.30","155.23","155.25","153.79","","-0.58%"
"01/29/2025","155.20","155.54","155.81","154.94","","-0.21%"
"01/28/2025","155.52","154.51","156.00","154.49","","0.67%"
"01/27/2025","154.49","155.72","156.26","153.72","","-0.96%"
"01/24/2025","155.98","156.06","156.58","154.85","","-0.04%"
"01/23/2025","156.05","156.50","156.76","155.74","","-0.31%"
"01/22/2025","156.53","155.51","156.72","155.35","","0.66%"
"01/21/2025","155.50","155.61","156.21","154.77","","-0.06%"
"01/20/2025","155.59","156.32","156.60","155.40","","-0.45%"
"01/17/2025","156.30","155.17","156.39","154.98","","0.76%"
"01/16/2025","155.12","156.48","156.54","155.10","","-0.86%"
"01/15/2025","156.47","157.98","158.10","155.95","","-0.94%"
"01/14/2025","157.96","157.48","158.23","157.11","","0.31%"
"01/13/2025","157.47","157.78","157.98","156.90","","-0.14%"
"01/10/2025","157.69","158.12","158.89","157.22","","-0.28%"
"01/09/2025","158.14","158.36","158.40","157.57","","-0.13%"
"01/08/2025","158.35","158.05","158.57","157.89","","0.21%"
"01/07/2025","158.02","157.63","158.43","157.36","","0.27%"
"01/06/2025","157.60","157.24","157.98","156.24","","0.21%"
"01/03/2025","157.27","157.55","157.57","156.88","","-0.16%"
"01/02/2025","157.52","157.26","157.87","156.44","","0.41%"
"01/01/2025","156.87","157.20","157.25","156.87","","-0.20%"
"12/31/2024","157.18","156.85","157.61","156.01","","0.22%"
"12/30/2024","156.83","157.74","158.08","156.67","","-0.63%"
"12/27/2024","157.82","157.89","158.01","157.35","","-0.11%"
"12/26/2024","158.00","157.22","158.11","157.07","","0.38%"
"12/25/2024","157.40","157.17","157.51","156.98","","0.14%"
"12/24/2024","157.18","157.14","157.44","156.89","","0.01%"
"12/23/2024","157.16","156.48","157.32","156.33","","0.48%"
"12/20/2024","156.41","157.45","157.94","155.95","","-0.65%"
"12/19/2024","157.43","154.82","157.82","154.43","","1.70%"
"12/18/2024","154.80","153.45","154.87","153.32","","0.86%"
"12/17/2024","153.48","154.12","154.36","153.15","","-0.43%"
"12/16/2024","154.15","153.64","154.49","153.32","","0.33%"
"12/13/2024","153.64","152.63","153.81","152.45","","0.67%"
"12/12/2024","152.62","152.45","152.80","151.80","","0.11%"
"12/11/2024","152.45","151.97","152.82","151.01","","0.33%"
"12/10/2024","151.95","151.17","152.19","150.89","","0.50%"
"12/09/2024","151.19","150.07","151.36","149.69","","0.77%"
"12/06/2024","150.03","150.11","150.71","149.36","","-0.03%"
"12/05/2024","150.08","150.61","150.79","149.65","","-0.35%"
"12/04/2024","150.60","149.60","151.24","149.52","","0.68%"
"12/03/2024","149.59","149.61","150.25","148.64","","0.00%"
"12/02/2024","149.59","149.75","150.76","149.07","","-0.11%"
"11/29/2024","149.75","151.55","151.57","149.47","","-1.18%"
"11/28/2024","151.54","151.07","152.01","150.92","","0.29%"
"11/27/2024","151.10","153.07","153.25","150.45","","-1.31%"
"11/26/2024","153.10","154.20","154.50","152.99","","-0.72%"
"11/25/2024","154.21","154.26","154.75","153.55","","-0.34%"
"11/22/2024","154.74","154.54","155.02","153.97","","0.15%"
"11/21/2024","154.51","155.43","155.43","153.91","","-0.59%"
"11/20/2024","155.43","154.67","155.90","154.52","","0.50%"
"11/19/2024","154.65","154.70","154.81","153.29","","0.00%"
"11/18/2024","154.65","154.42","155.37","153.85","","0.20%"
"11/15/2024","154.34","156.28","156.76","153.86","","-1.22%"
"11/14/2024","156.25","155.46","156.44","155.33","","0.51%"
"11/13/2024","155.45","154.62","155.64","154.34","","0.55%"
"11/12/2024","154.60","153.71","154.94","153.41","","0.58%"
"11/11/2024","153.71","152.68","153.96","152.64","","0.71%"
"11/08/2024","152.63","152.94","153.37","152.14","","-0.20%"
"11/07/2024","152.93","154.64","154.72","152.70","","-1.10%"
"11/06/2024","154.63","151.62","154.73","151.29","","2.00%"
"11/05/2024","151.60","152.13","152.57","151.33","","-0.35%"
"11/04/2024","152.13","152.98","153.05","151.53","","-0.56%"
"11/01/2024","152.98","152.04","153.11","151.78","","0.62%"
"10/31/2024","152.03","153.42","153.58","151.84","","-0.90%"
"10/30/2024","153.41","153.36","153.51","152.79","","0.04%"
"10/29/2024","153.35","153.29","153.88","152.75","","0.05%"
"10/28/2024","153.28","152.36","153.88","152.32","","0.64%"
"10/25/2024","152.30","151.83","152.39","151.45","","0.32%"
"10/24/2024","151.82","152.73","152.83","151.55","","-0.61%"
"10/23/2024","152.75","151.07","153.20","151.02","","1.12%"
"10/22/2024","151.06","150.84","151.21","150.50","","0.15%"
"10/21/2024","150.83","149.48","150.89","149.08","","0.88%"
"10/18/2024","149.52","150.21","150.29","149.36","","-0.45%"
"10/17/2024","150.20","149.64","150.34","149.23","","0.39%"
"10/16/2024","149.62","149.20","149.84","148.87","","0.29%"
"10/15/2024","149.19","149.76","149.84","148.85","","-0.37%"
"10/14/2024","149.75","149.14","150.01","149.07","","0.42%"
"10/11/2024","149.13","148.57","149.29","148.40","","0.38%"
"10/10/2024","148.56","149.31","149.56","148.35","","-0.49%"
"10/09/2024","149.29","148.20","149.38","148.01","","0.74%"
"10/08/2024","148.19","148.19","148.39","147.34","","0.01%"
"10/07/2024","148.18","148.73","149.14","147.85","","-0.36%"
"10/04/2024","148.71","146.94","149.01","145.92","","1.22%"
"10/03/2024","146.92","146.47","147.25","146.29","","0.31%"
"10/02/2024","146.46","143.57","146.52","143.43","","2.02%"
"10/01/2024","143.56","143.63","144.55","142.97","","-0.04%"
"09/30/2024","143.62","142.24","143.94","141.64","","1.01%"
"09/27/2024","142.19","144.82","146.50","142.07","","-1.80%"
"09/26/2024","144.80","144.76","145.23","144.11","","0.03%"
"09/25/2024","144.75","143.23","144.85","142.90","","1.08%"
"09/24/2024","143.21","143.62","144.70","143.12","","-0.27%"
"09/23/2024","143.60","143.94","144.46","143.17","","-0.22%"
"09/20/2024","143.91","142.63","144.51","141.74","","0.90%"
"09/19/2024","142.62","142.29","143.95","141.89","","0.25%"
"09/18/2024","142.27","142.42","142.73","140.44","","-0.09%"
"09/17/2024","142.40","140.62","142.48","140.32","","1.28%"
"09/16/2024","140.60","140.75","140.92","139.57","","-0.16%"
"09/13/2024","140.82","141.82","141.88","140.28","","-0.68%"
"09/12/2024","141.79","142.36","143.06","141.72","","-0.39%"
"09/11/2024","142.35","142.47","142.55","140.71","","-0.06%"
"09/10/2024","142.43","143.15","143.73","142.20","","-0.52%"
"09/09/2024","143.17","142.23","143.81","141.95","","0.63%"
"09/06/2024","142.27","143.45","143.92","141.78","","-0.82%"
"09/05/2024","143.44","143.74","144.25","142.85","","-0.20%"
"09/04/2024","143.73","145.48","145.57","143.71","","-1.20%"
"09/03/2024","145.47","146.90","147.21","145.16","","-0.97%"
"09/02/2024","146.90","146.19","147.19","145.78","","0.51%"
"08/30/2024","146.16","144.98","146.26","144.66","","0.81%"
"08/29/2024","144.98","144.61","145.57","144.22","","0.28%"
"08/28/2024","144.57","143.98","145.06","143.68","","0.43%"
"08/27/2024","143.95","144.53","145.19","143.92","","-0.39%"
"08/26/2024","144.52","144.24","144.66","143.45","","0.10%"
"08/23/2024","144.37","146.29","146.50","144.05","","-1.29%"
"08/22/2024","146.26","145.25","146.55","144.85","","0.69%"
"08/21/2024","145.26","145.26","146.61","144.45","","0.01%"
"08/20/2024","145.25","146.60","147.36","145.20","","-0.90%"
"08/19/2024","146.57","147.66","148.06","145.19","","-0.68%"
"08/16/2024","147.58","149.29","149.36","147.57","","-1.13%"
"08/15/2024","149.27","147.33","149.40","147.05","","1.33%"
"08/14/2024","147.31","146.84","147.59","146.07","","0.33%"
"08/13/2024","146.82","147.20","147.96","146.60","","-0.25%"
"08/12/2024","147.19","146.74","148.24","146.70","","0.40%"
"08/09/2024","146.61","147.29","147.82","146.27","","-0.45%"
"08/08/2024","147.28","146.67","147.55","145.43","","0.40%"
"08/07/2024","146.69","144.35","147.90","144.31","","1.66%"
"08/06/2024","144.30","144.17","146.38","143.62","","0.09%"
"08/05/2024","144.17","146.51","146.57","141.68","","-1.62%"
"08/02/2024","146.54","149.38","149.78","146.42","","-1.89%"
"08/01/2024","149.36","149.99","150.89","148.50","","-0.41%"
"07/31/2024","149.98","152.81","153.75","149.61","","-1.82%"
"07/30/2024","152.76","154.02","155.23","152.65","","-0.81%"
"07/29/2024","154.01","153.81","154.36","153.01","","0.19%"
"07/26/2024","153.72","153.95","154.75","153.13","","-0.14%"
"07/25/2024","153.93","153.90","154.33","151.94","","0.04%"
"07/24/2024","153.87","155.56","156.00","153.11","","-1.10%"
"07/23/2024","155.58","157.03","157.11","155.56","","-0.90%"
"07/22/2024","157.00","157.45","157.63","156.28","","-0.31%"
"07/19/2024","157.49","157.38","157.88","156.96","","0.08%"
"07/18/2024","157.37","156.15","157.41","155.37","","0.77%"
"07/17/2024","156.16","158.36","158.63","156.06","","-1.38%"
"07/16/2024","158.34","158.07","158.87","158.00","","0.21%"
"07/15/2024","158.01","157.88","158.43","157.17","","0.08%"
"07/12/2024","157.89","158.82","159.45","157.38","","-0.57%"
"07/11/2024","158.80","161.64","161.77","157.43","","-1.78%"
"07/10/2024","161.67","161.35","161.85","161.26","","0.22%"
"07/09/2024","161.31","160.79","161.52","160.73","","0.31%"
"07/08/2024","160.81","160.70","161.13","160.26","","0.06%"
"07/05/2024","160.72","161.26","161.40","160.34","","-0.33%"
"07/04/2024","161.25","161.70","161.70","160.95","","-0.27%"
"07/03/2024","161.68","161.46","162.01","160.77","","0.15%"
"07/02/2024","161.44","161.51","161.78","161.27","","-0.01%"
"07/01/2024","161.45","160.89","161.76","160.66","","0.39%"
"06/28/2024","160.83","160.76","161.28","160.26","","0.06%"
"06/27/2024","160.74","160.82","160.86","160.28","","-0.03%"
"06/26/2024","160.79","159.71","160.88","159.61","","0.69%"
"06/25/2024","159.69","159.58","159.81","159.19","","0.06%"
"06/24/2024","159.59","159.84","159.93","158.82","","-0.13%"
"06/21/2024","159.79","158.94","159.86","158.67","","0.56%"
"06/20/2024","158.90","158.10","158.95","157.92","","0.52%"
"06/19/2024","158.08","157.85","158.12","157.60","","0.15%"
"06/18/2024","157.85","157.74","158.25","157.51","","0.09%"
"06/17/2024","157.71","157.38","157.97","157.15","","0.22%"
"06/14/2024","157.37","157.04","158.28","156.88","","0.22%"
"06/13/2024","157.02","156.72","157.36","156.58","","0.20%"
"06/12/2024","156.71","157.07","157.45","155.72","","-0.23%"
"06/11/2024","157.07","157.05","157.47","156.80","","0.03%"
"06/10/2024","157.02","156.74","157.20","156.70","","0.20%"
"06/07/2024","156.70","155.62","157.09","155.12","","0.71%"
"06/06/2024","155.60","156.10","156.45","155.36","","-0.32%"
"06/05/2024","156.10","154.86","156.50","154.79","","0.79%"
"06/04/2024","154.87","156.12","156.50","154.55","","-0.79%"
"06/03/2024","156.10","157.32","157.49","155.95","","-0.77%"
"05/31/2024","157.31","156.82","157.39","156.56","","0.32%"
"05/30/2024","156.81","157.64","157.68","156.38","","-0.50%"
"05/29/2024","157.60","157.14","157.79","156.92","","0.28%"
"05/28/2024","157.16","156.85","157.20","156.58","","0.19%"
"05/27/2024","156.86","157.04","157.04","156.66","","-0.08%"
"05/24/2024","156.99","156.94","157.16","156.82","","0.04%"
"05/23/2024","156.93","156.79","157.20","156.53","","0.10%"
"05/22/2024","156.77","156.17","156.85","156.11","","0.40%"
"05/21/2024","156.15","156.26","156.56","155.84","","-0.06%"
"05/20/2024","156.24","155.61","156.32","155.49","","0.38%"
"05/17/2024","155.65","155.39","156.01","155.25","","0.17%"
"05/16/2024","155.38","154.88","155.54","153.59","","0.33%"
"05/15/2024","154.87","156.43","156.57","154.69","","-0.99%"
"05/14/2024","156.42","156.18","156.78","156.14","","0.14%"
"05/13/2024","156.20","155.74","156.31","155.56","","0.31%"
"05/10/2024","155.72","155.47","155.92","155.26","","0.17%"
"05/09/2024","155.46","155.50","155.97","155.16","","-0.01%"
"05/08/2024","155.48","154.70","155.69","154.56","","0.51%"
"05/07/2024","154.69","153.90","154.78","153.86","","0.53%"
"05/06/2024","153.88","152.88","154.01","152.81","","0.59%"
"05/03/2024","152.98","153.65","153.80","151.86","","-0.42%"
"05/02/2024","153.63","154.93","156.29","153.06","","-0.54%"
"05/01/2024","154.47","157.81","158.04","153.18","","-2.11%"
"04/30/2024","157.80","156.35","157.86","156.07","","0.94%"
"04/29/2024","156.33","157.82","160.05","154.52","","-1.26%"
"04/26/2024","158.33","155.62","158.45","154.98","","1.72%"
"04/25/2024","155.65","155.32","155.76","155.20","","0.20%"
"04/24/2024","155.34","154.83","155.39","154.73","","0.34%"
"04/23/2024","154.82","154.85","154.88","154.56","","-0.01%"
"04/22/2024","154.84","154.64","154.89","154.46","","0.14%"
"04/19/2024","154.63","154.65","154.68","153.58","","0.00%"
"04/18/2024","154.63","154.39","154.72","153.95","","0.16%"
"04/17/2024","154.38","154.72","154.76","154.16","","-0.21%"
"04/16/2024","154.71","154.27","154.80","153.90","","0.29%"
"04/15/2024","154.27","153.09","154.46","152.99","","0.65%"
"04/12/2024","153.28","153.27","153.40","152.59","","0.01%"
"04/11/2024","153.27","153.16","153.33","152.76","","0.07%"
"04/10/2024","153.17","151.75","153.25","151.68","","0.92%"
"04/09/2024","151.77","151.81","151.95","151.57","","-0.01%"
"04/08/2024","151.79","151.57","151.96","151.56","","0.12%"
"04/05/2024","151.61","151.35","151.76","150.81","","0.19%"
"04/04/2024","151.33","151.70","151.79","151.12","","-0.23%"
"04/03/2024","151.68","151.56","151.96","151.44","","0.09%"
"04/02/2024","151.55","151.65","151.82","151.46","","-0.05%"
"04/01/2024","151.63","151.32","151.78","151.22","","0.21%"
"03/29/2024","151.31","151.38","151.51","151.17","","-0.04%"
"03/28/2024","151.37","151.32","151.56","151.15","","0.03%"
"03/27/2024","151.32","151.57","151.98","151.03","","-0.15%"
"03/26/2024","151.55","151.42","151.62","151.20","","0.09%"
"03/25/2024","151.41","151.44","151.55","151.04","","-0.01%"
"03/22/2024","151.42","151.64","151.87","151.00","","-0.13%"
"03/21/2024","151.61","151.26","151.81","150.26","","0.24%"
"03/20/2024","151.25","150.89","151.88","150.73","","0.27%"
"03/19/2024","150.85","149.16","150.97","149.03","","1.15%"
"03/18/2024","149.14","149.01","149.33","148.90","","0.08%"
"03/15/2024","149.02","148.36","149.20","148.03","","0.47%"
"03/14/2024","148.32","147.76","148.37","147.43","","0.39%"
"03/13/2024","147.74","147.70","148.06","147.23","","0.04%"
"03/12/2024","147.68","146.95","148.15","146.62","","0.50%"
"03/11/2024","146.94","147.07","147.18","146.48","","-0.09%"
"03/08/2024","147.07","148.04","148.12","146.48","","-0.65%"
"03/07/2024","148.03","149.36","149.40","147.58","","-0.90%"
"03/06/2024","149.37","150.04","150.10","149.09","","-0.45%"
"03/05/2024","150.04","150.52","150.64","149.70","","-0.31%"
"03/04/2024","150.51","150.11","150.64","149.83","","0.27%"
"03/01/2024","150.11","149.98","150.73","149.95","","0.09%"
"02/29/2024","149.98","150.70","150.70","149.20","","-0.46%"
"02/28/2024","150.67","150.51","150.85","150.37","","0.11%"
"02/27/2024","150.50","150.70","150.72","150.07","","-0.13%"
"02/26/2024","150.69","150.48","150.85","150.29","","0.13%"
"02/23/2024","150.50","150.54","150.79","150.30","","-0.01%"
"02/22/2024","150.51","150.31","150.70","150.01","","0.15%"
"02/21/2024","150.28","150.01","150.41","149.85","","0.19%"
"02/20/2024","149.99","150.13","150.45","149.68","","-0.08%"
"02/19/2024","150.11","150.10","150.24","149.87","","-0.07%"
"02/16/2024","150.21","149.93","150.65","149.82","","0.20%"
"02/15/2024","149.91","150.57","150.60","149.54","","-0.43%"
"02/14/2024","150.55","150.79","150.82","150.35","","-0.16%"
"02/13/2024","150.79","149.35","150.90","149.26","","0.97%"
"02/12/2024","149.34","149.25","149.49","148.93","","0.03%"
"02/09/2024","149.30","149.33","149.60","149.01","","-0.01%"
"02/08/2024","149.31","148.19","149.51","147.93","","0.76%"
"02/07/2024","148.18","147.95","148.30","147.64","","0.16%"
"02/06/2024","147.94","148.67","148.84","147.82","","-0.49%"
"02/05/2024","148.67","148.36","148.92","148.26","","0.20%"
"02/02/2024","148.37","146.44","148.60","146.24","","1.33%"
"02/01/2024","146.42","146.89","147.13","145.89","","-0.31%"
"01/31/2024","146.88","147.61","147.91","146.01","","-0.49%"
"01/30/2024","147.60","147.51","147.95","147.10","","0.07%"
"01/29/2024","147.49","148.12","148.34","147.25","","-0.45%"
"01/26/2024","148.16","147.63","148.23","147.42","","0.35%"
"01/25/2024","147.65","147.51","147.94","147.08","","0.10%"
"01/24/2024","147.50","148.36","148.40","146.65","","-0.58%"
"01/23/2024","148.36","148.10","148.73","146.99","","0.18%"
"01/22/2024","148.09","148.28","148.32","147.62","","-0.03%"
"01/19/2024","148.14","148.13","148.82","147.84","","-0.01%"
"01/18/2024","148.15","148.15","148.32","147.65","","0.00%"
"01/17/2024","148.15","147.20","148.54","147.07","","0.66%"
"01/16/2024","147.18","145.74","147.33","145.58","","0.99%"
"01/15/2024","145.73","144.92","145.96","144.87","","0.57%"
"01/12/2024","144.90","145.29","145.57","144.36","","-0.26%"
"01/11/2024","145.28","145.75","146.43","145.26","","-0.31%"
"01/10/2024","145.73","144.48","145.86","144.32","","0.87%"
"01/09/2024","144.47","144.27","144.64","143.42","","0.17%"
"01/08/2024","144.22","144.60","144.93","143.66","","-0.30%"
"01/05/2024","144.65","144.63","145.99","143.81","","0.02%"
"01/04/2024","144.62","143.30","144.87","142.85","","0.93%"
"01/03/2024","143.29","142.00","143.75","141.86","","0.92%"
"01/02/2024","141.98","140.88","142.23","140.81","","0.79%"
"01/01/2024","140.87","140.83","140.90","140.83","","-0.13%"
"12/29/2023","141.06","141.40","141.92","140.80","","-0.23%"
"12/28/2023","141.39","141.83","141.83","140.25","","-0.31%"
"12/27/2023","141.83","142.39","142.85","141.55","","-0.39%"
"12/26/2023","142.38","142.32","142.64","142.09","","0.03%"
"12/25/2023","142.34","142.40","142.56","142.13","","-0.05%"
"12/22/2023","142.41","142.12","142.68","141.88","","0.22%"
"12/21/2023","142.10","143.57","143.58","142.04","","-1.02%"
"12/20/2023","143.56","143.83","144.10","143.26","","-0.18%"
"12/19/2023","143.82","142.82","144.97","142.25","","0.76%"
"12/18/2023","142.74","142.14","143.17","142.07","","0.42%"
"12/15/2023","142.15","141.87","142.47","141.43","","0.20%"
"12/14/2023","141.87","142.89","142.90","140.96","","-0.71%"
"12/13/2023","142.88","145.45","146.01","142.64","","-1.75%"
"12/12/2023","145.43","146.13","146.20","144.74","","-0.50%"
"12/11/2023","146.16","144.86","146.59","144.81","","0.85%"
"12/08/2023","144.93","144.11","145.22","142.50","","0.56%"
"12/07/2023","144.12","147.30","147.32","141.71","","-2.17%"
"12/06/2023","147.31","147.19","147.53","146.89","","0.11%"
"12/05/2023","147.15","147.18","147.41","146.56","","-0.03%"
"12/04/2023","147.20","146.73","147.51","146.23","","0.27%"
"12/01/2023","146.81","148.20","148.35","146.66","","-0.93%"
"11/30/2023","148.19","147.25","148.51","146.83","","0.65%"
"11/29/2023","147.24","147.48","147.92","146.67","","-0.16%"
"11/28/2023","147.48","148.68","148.85","147.32","","-0.80%"
"11/27/2023","148.67","149.45","149.68","148.54","","-0.52%"
"11/24/2023","149.44","149.57","149.72","149.20","","-0.08%"
"11/23/2023","149.56","149.54","149.70","148.89","","0.02%"
"11/22/2023","149.53","148.40","149.76","148.01","","0.77%"
"11/21/2023","148.39","148.38","148.61","147.15","","0.02%"
"11/20/2023","148.36","149.64","150.00","148.10","","-0.84%"
"11/17/2023","149.62","150.70","150.79","149.20","","-0.72%"
"11/16/2023","150.71","151.35","151.50","150.28","","-0.42%"
"11/15/2023","151.35","150.37","151.47","150.05","","0.65%"
"11/14/2023","150.38","151.73","151.82","150.15","","-0.88%"
"11/13/2023","151.71","151.51","151.95","151.20","","0.14%"
"11/10/2023","151.50","151.35","151.62","151.21","","0.11%"
"11/09/2023","151.34","150.97","151.40","150.77","","0.25%"
"11/08/2023","150.97","150.36","151.07","150.34","","0.42%"
"11/07/2023","150.34","150.07","150.70","149.93","","0.18%"
"11/06/2023","150.07","149.38","150.09","149.24","","0.47%"
"11/03/2023","149.37","150.46","150.53","149.20","","-0.71%"
"11/02/2023","150.44","150.95","150.98","149.84","","-0.34%"
"11/01/2023","150.95","151.72","151.72","150.66","","-0.47%"
"10/31/2023","151.67","149.11","151.76","149.02","","1.72%"
"10/30/2023","149.10","149.54","149.93","148.80","","-0.33%"
"10/27/2023","149.60","150.38","150.43","149.46","","-0.52%"
"10/26/2023","150.38","150.20","150.79","149.89","","0.11%"
"10/25/2023","150.21","149.91","150.32","149.79","","0.20%"
"10/24/2023","149.91","149.72","149.94","149.32","","0.14%"
"10/23/2023","149.70","149.80","150.01","149.55","","-0.09%"
"10/20/2023","149.84","149.78","150.06","149.74","","0.04%"
"10/19/2023","149.78","149.94","150.01","149.66","","-0.09%"
"10/18/2023","149.92","149.82","149.99","149.49","","0.08%"
"10/17/2023","149.80","149.51","149.92","149.23","","0.20%"
"10/16/2023","149.50","149.49","149.79","149.35","","-0.03%"
"10/13/2023","149.55","149.80","149.83","149.45","","-0.17%"
"10/12/2023","149.80","149.17","149.89","148.95","","0.44%"
"10/11/2023","149.15","148.71","149.37","148.42","","0.30%"
"10/10/2023","148.70","148.56","149.14","148.16","","0.13%"
"10/09/2023","148.50","149.07","149.25","148.43","","-0.55%"
"10/06/2023","149.32","148.51","149.55","148.35","","0.55%"
"10/05/2023","148.50","149.12","149.14","148.26","","-0.42%"
"10/04/2023","149.12","149.02","149.33","148.73","","0.07%"
"10/03/2023","149.02","149.87","150.19","147.39","","-0.55%"
"10/02/2023","149.85","149.48","149.93","149.45","","0.33%"
"09/29/2023","149.35","149.31","149.52","148.52","","0.04%"
"09/28/2023","149.29","149.64","149.64","149.14","","-0.23%"
"09/27/2023","149.63","149.06","149.75","148.86","","0.39%"
"09/26/2023","149.05","148.92","149.22","148.70","","0.11%"
"09/25/2023","148.88","148.37","149.00","148.25","","0.34%"
"09/22/2023","148.37","147.57","148.45","147.51","","0.54%"
"09/21/2023","147.58","148.33","148.46","147.32","","-0.51%"
"09/20/2023","148.33","147.85","148.37","147.47","","0.32%"
"09/19/2023","147.86","147.61","147.98","147.50","","0.18%"
"09/18/2023","147.60","147.74","147.88","147.56","","-0.15%"
"09/15/2023","147.82","147.49","147.99","147.34","","0.24%"
"09/14/2023","147.47","147.45","147.58","147.01","","0.01%"
"09/13/2023","147.45","147.07","147.74","147.01","","0.25%"
"09/12/2023","147.08","146.59","147.26","146.45","","0.34%"
"09/11/2023","146.58","147.02","147.28","145.90","","-0.83%"
"09/08/2023","147.81","147.30","147.88","146.58","","0.35%"
"09/07/2023","147.29","147.66","147.88","147.04","","-0.24%"
"09/06/2023","147.65","147.74","147.82","147.01","","-0.04%"
"09/05/2023","147.71","146.49","147.82","146.39","","0.85%"
"09/04/2023","146.46","146.20","146.54","146.01","","0.16%"
"09/01/2023","146.23","145.54","146.32","144.44","","0.48%"
"08/31/2023","145.53","146.23","146.26","145.35","","-0.49%"
"08/30/2023","146.24","145.90","146.59","145.56","","0.25%"
"08/29/2023","145.87","146.55","147.39","145.67","","-0.46%"
"08/28/2023","146.54","146.43","146.75","146.26","","0.09%"
"08/25/2023","146.41","145.84","146.64","145.73","","0.37%"
"08/24/2023","145.87","144.83","145.97","144.59","","0.72%"
"08/23/2023","144.83","145.89","145.90","144.54","","-0.72%"
"08/22/2023","145.88","146.19","146.40","145.49","","-0.20%"
"08/21/2023","146.17","145.34","146.41","145.14","","0.55%"
"08/18/2023","145.37","145.86","145.89","144.93","","-0.32%"
"08/17/2023","145.83","146.36","146.57","145.62","","-0.36%"
"08/16/2023","146.35","145.59","146.42","145.31","","0.54%"
"08/15/2023","145.57","145.56","145.88","145.10","","0.02%"
"08/14/2023","145.54","144.99","145.60","144.66","","0.40%"
"08/11/2023","144.96","144.73","145.06","144.42","","0.16%"
"08/10/2023","144.73","143.73","144.83","143.30","","0.70%"
"08/09/2023","143.72","143.38","143.80","143.00","","0.24%"
"08/08/2023","143.37","142.48","143.51","142.40","","0.62%"
"08/07/2023","142.49","141.80","142.62","141.52","","0.52%"
"08/04/2023","141.75","142.57","142.89","141.55","","-0.55%"
"08/03/2023","142.54","143.33","143.90","142.06","","-0.54%"
"08/02/2023","143.32","143.34","143.49","142.24","","0.00%"
"08/01/2023","143.32","142.31","143.56","142.20","","0.73%"
"07/31/2023","142.28","141.00","142.69","140.69","","0.80%"
"07/28/2023","141.15","139.45","141.19","138.07","","1.23%"
"07/27/2023","139.44","140.23","141.34","138.77","","-0.55%"
"07/26/2023","140.21","140.89","141.19","139.93","","-0.49%"
"07/25/2023","140.90","141.47","141.75","140.85","","-0.38%"
"07/24/2023","141.44","141.69","141.82","140.75","","-0.25%"
"07/21/2023","141.79","140.08","141.97","139.75","","1.23%"
"07/20/2023","140.07","139.69","140.51","139.11","","0.29%"
"07/19/2023","139.67","138.83","140.01","138.76","","0.62%"
"07/18/2023","138.81","138.71","139.15","137.70","","0.07%"
"07/17/2023","138.71","138.76","139.42","138.01","","-0.01%"
"07/14/2023","138.73","138.01","139.18","137.25","","0.51%"
"07/13/2023","138.03","138.51","138.97","137.92","","-0.34%"
"07/12/2023","138.50","140.38","140.41","138.16","","-1.33%"
"07/11/2023","140.37","141.36","141.47","140.16","","-0.67%"
"07/10/2023","141.31","142.20","143.01","141.27","","-0.53%"
"07/07/2023","142.07","144.09","144.21","142.07","","-1.38%"
"07/06/2023","144.06","144.66","144.67","143.55","","-0.40%"
"07/05/2023","144.64","144.48","144.76","144.08","","0.13%"
"07/04/2023","144.45","144.70","144.72","144.20","","-0.15%"
"07/03/2023","144.66","144.37","144.95","143.98","","0.24%"
"06/30/2023","144.32","144.77","145.08","144.20","","-0.31%"
"06/29/2023","144.77","144.49","144.92","144.13","","0.21%"
"06/28/2023","144.46","144.05","144.64","143.73","","0.27%"
"06/27/2023","144.07","143.51","144.22","143.27","","0.40%"
"06/26/2023","143.50","143.57","143.73","142.94","","-0.13%"
"06/23/2023","143.68","143.11","143.94","142.76","","0.40%"
"06/22/2023","143.11","141.89","143.26","141.61","","0.87%"
"06/21/2023","141.88","141.48","142.42","141.27","","0.31%"
"06/20/2023","141.44","141.99","142.26","141.21","","-0.38%"
"06/19/2023","141.98","141.81","142.07","141.44","","0.11%"
"06/16/2023","141.82","140.32","141.92","139.85","","1.11%"
"06/15/2023","140.27","140.08","141.52","139.94","","0.13%"
"06/14/2023","140.09","140.20","140.28","139.28","","-0.09%"
"06/13/2023","140.21","139.61","140.32","139.01","","0.44%"
"06/12/2023","139.60","139.40","139.77","139.06","","0.19%"
"06/09/2023","139.34","138.93","139.75","138.75","","0.31%"
"06/08/2023","138.91","140.13","140.24","138.81","","-0.86%"
"06/07/2023","140.11","139.64","140.26","139.02","","0.34%"
"06/06/2023","139.63","139.56","140.01","139.09","","0.06%"
"06/05/2023","139.54","139.99","140.47","139.25","","-0.29%"
"06/02/2023","139.94","138.79","140.08","138.60","","0.83%"
"06/01/2023","138.79","139.35","139.97","138.46","","-0.39%"
"05/31/2023","139.34","139.81","140.39","139.23","","-0.32%"
"05/30/2023","139.79","140.45","140.95","139.57","","-0.46%"
"05/29/2023","140.44","140.69","140.92","140.11","","-0.13%"
"05/26/2023","140.62","140.06","140.74","139.49","","0.41%"
"05/25/2023","140.05","139.48","140.26","138.82","","0.42%"
"05/24/2023","139.46","138.59","139.49","138.23","","0.64%"
"05/23/2023","138.58","138.61","138.92","138.24","","-0.01%"
"05/22/2023","138.60","138.03","138.72","137.49","","0.47%"
"05/19/2023","137.95","138.73","138.74","137.43","","-0.55%"
"05/18/2023","138.71","137.67","138.76","137.29","","0.76%"
"05/17/2023","137.67","136.39","137.72","136.30","","0.95%"
"05/16/2023","136.37","136.12","136.70","135.69","","0.19%"
"05/15/2023","136.11","135.61","136.33","135.60","","0.29%"
"05/12/2023","135.71","134.51","135.77","134.39","","0.87%"
"05/11/2023","134.54","134.36","134.85","133.74","","0.15%"
"05/10/2023","134.34","135.23","135.49","134.11","","-0.64%"
"05/09/2023","135.21","135.10","135.37","134.72","","0.10%"
"05/08/2023","135.08","134.82","135.30","134.64","","0.19%"
"05/05/2023","134.83","134.29","135.14","133.88","","0.42%"
"05/04/2023","134.27","134.70","134.89","133.50","","-0.30%"
"05/03/2023","134.68","136.56","136.63","134.69","","-1.36%"
"05/02/2023","136.53","137.50","137.78","136.31","","-0.69%"
"05/01/2023","137.48","136.30","137.54","136.19","","0.88%"
"04/28/2023","136.28","133.96","136.57","133.37","","1.75%"
"04/27/2023","133.94","133.68","134.21","133.22","","0.21%"
"04/26/2023","133.66","133.72","133.95","133.01","","-0.04%"
"04/25/2023","133.71","134.25","134.50","133.37","","-0.38%"
"04/24/2023","134.22","134.10","134.76","133.89","","0.05%"
"04/21/2023","134.15","134.24","134.51","133.55","","-0.06%"
"04/20/2023","134.23","134.72","134.98","134.01","","-0.34%"
"04/19/2023","134.69","134.12","135.14","133.94","","0.45%"
"04/18/2023","134.09","134.45","134.71","133.86","","-0.28%"
"04/17/2023","134.46","133.83","134.58","133.71","","0.52%"
"04/14/2023","133.77","132.58","133.87","132.17","","0.91%"
"04/13/2023","132.56","133.14","133.41","132.02","","-0.42%"
"04/12/2023","133.12","133.71","134.05","132.74","","-0.40%"
"04/11/2023","133.65","133.61","133.82","132.97","","0.04%"
"04/10/2023","133.60","132.13","133.89","131.83","","1.11%"
"04/07/2023","132.13","131.78","132.39","131.52","","0.28%"
"04/06/2023","131.76","131.32","131.91","130.77","","0.34%"
"04/05/2023","131.31","131.70","131.86","130.64","","-0.29%"
"04/04/2023","131.69","132.42","133.18","131.52","","-0.54%"
"04/03/2023","132.41","132.99","133.76","132.20","","-0.29%"
"03/31/2023","132.79","132.67","133.61","132.58","","0.11%"
"03/30/2023","132.65","132.86","132.98","132.20","","-0.14%"
"03/29/2023","132.84","130.89","132.89","130.76","","1.51%"
"03/28/2023","130.86","131.57","131.62","130.40","","-0.53%"
"03/27/2023","131.56","130.54","131.79","130.50","","0.67%"
"03/24/2023","130.69","130.82","130.95","129.64","","-0.09%"
"03/23/2023","130.81","131.45","131.68","130.32","","-0.48%"
"03/22/2023","131.44","132.51","133.01","131.00","","-0.79%"
"03/21/2023","132.49","131.32","132.64","131.03","","0.90%"
"03/20/2023","131.31","132.49","132.65","130.54","","-0.36%"
"03/17/2023","131.79","133.75","133.78","131.56","","-1.44%"
"03/16/2023","133.72","133.39","133.86","131.72","","0.24%"
"03/15/2023","133.40","134.23","135.13","132.22","","-0.61%"
"03/14/2023","134.22","133.19","134.91","133.03","","0.78%"
"03/13/2023","133.18","134.98","135.04","132.28","","-1.33%"
"03/10/2023","134.98","136.14","137.01","134.11","","-0.85%"
"03/09/2023","136.14","137.35","137.38","135.95","","-0.87%"
"03/08/2023","137.34","137.17","137.92","136.48","","0.15%"
"03/07/2023","137.14","135.94","137.21","135.55","","0.91%"
"03/06/2023","135.91","135.88","136.21","135.37","","0.04%"
"03/03/2023","135.86","136.77","136.79","135.74","","-0.66%"
"03/02/2023","136.76","136.17","137.11","136.01","","0.44%"
"03/01/2023","136.16","136.22","136.48","135.26","","-0.03%"
"02/28/2023","136.20","136.23","136.95","135.74","","0.00%"
"02/27/2023","136.20","136.51","136.57","135.92","","-0.19%"
"02/24/2023","136.46","134.73","136.53","134.06","","1.31%"
"02/23/2023","134.70","134.88","135.38","134.48","","-0.15%"
"02/22/2023","134.90","135.01","135.07","134.36","","-0.07%"
"02/21/2023","134.99","134.26","135.24","134.14","","0.57%"
"02/20/2023","134.23","134.17","134.55","133.92","","0.06%"
"02/17/2023","134.15","133.95","135.13","133.93","","0.16%"
"02/16/2023","133.94","134.16","134.51","133.60","","-0.13%"
"02/15/2023","134.11","133.12","134.36","132.54","","0.75%"
"02/14/2023","133.11","132.42","133.33","131.51","","0.54%"
"02/13/2023","132.40","131.41","132.94","131.31","","0.75%"
"02/10/2023","131.41","131.57","131.89","129.81","","-0.11%"
"02/09/2023","131.56","131.38","131.83","130.34","","0.14%"
"02/08/2023","131.37","131.07","131.55","130.60","","0.24%"
"02/07/2023","131.05","132.64","132.72","130.48","","-1.21%"
"02/06/2023","132.65","132.15","132.92","131.51","","1.13%"
"02/03/2023","131.17","128.67","131.24","128.33","","1.96%"
"02/02/2023","128.65","128.95","129.13","128.08","","-0.22%"
"02/01/2023","128.93","130.08","130.44","128.54","","-0.89%"
"01/31/2023","130.09","130.45","130.55","129.74","","-0.27%"
"01/30/2023","130.44","129.72","130.62","129.20","","0.45%"
"01/27/2023","129.85","130.21","130.28","129.50","","-0.28%"
"01/26/2023","130.21","129.61","130.63","129.02","","0.48%"
"01/25/2023","129.59","130.18","130.60","129.26","","-0.43%"
"01/24/2023","130.15","130.64","131.12","129.73","","-0.39%"
"01/23/2023","130.66","129.51","130.91","129.04","","0.84%"
"01/20/2023","129.57","128.44","130.63","128.35","","0.90%"
"01/19/2023","128.42","128.92","128.95","127.76","","-0.36%"
"01/18/2023","128.88","128.11","131.58","127.57","","0.59%"
"01/17/2023","128.13","128.57","129.15","127.99","","-0.32%"
"01/16/2023","128.54","127.84","128.89","127.22","","0.52%"
"01/13/2023","127.88","129.27","129.44","127.46","","-1.04%"
"01/12/2023","129.22","132.48","132.49","128.87","","-2.45%"
"01/11/2023","132.47","132.26","132.89","132.06","","0.17%"
"01/10/2023","132.25","131.89","132.49","131.38","","0.28%"
"01/09/2023","131.88","131.93","132.67","131.30","","-0.14%"
"01/06/2023","132.07","133.42","134.79","131.99","","-1.00%"
"01/05/2023","133.40","132.63","134.07","131.68","","0.59%"
"01/04/2023","132.62","131.01","132.74","129.93","","1.24%"
"01/03/2023","131.00","130.86","131.41","129.51","","0.21%"
"01/02/2023","130.73","131.13","131.13","130.62","","-0.29%"
"12/30/2022","131.11","133.01","133.10","130.77","","-1.43%"
"12/29/2022","133.01","134.48","134.48","132.88","","-1.09%"
"12/28/2022","134.47","133.49","134.50","133.37","","0.74%"
"12/27/2022","133.48","132.89","133.61","132.63","","0.47%"
"12/26/2022","132.86","132.79","133.23","132.32","","0.05%"
"12/23/2022","132.79","132.37","133.16","132.15","","0.35%"
"12/22/2022","132.33","132.50","132.74","131.64","","-0.11%"
"12/21/2022","132.47","131.73","132.55","131.50","","0.58%"
"12/20/2022","131.70","136.90","137.48","130.57","","-3.78%"
"12/19/2022","136.88","136.06","137.19","135.75","","0.14%"
"12/16/2022","136.69","137.77","137.85","136.29","","-0.78%"
"12/15/2022","137.76","135.48","138.18","135.24","","1.69%"
"12/14/2022","135.47","135.58","136.00","134.59","","-0.07%"
"12/13/2022","135.57","137.68","137.98","134.66","","-1.52%"
"12/12/2022","137.66","136.61","137.86","136.51","","0.81%"
"12/09/2022","136.56","136.67","136.91","135.61","","-0.07%"
"12/08/2022","136.65","136.63","137.25","136.24","","0.04%"
"12/07/2022","136.60","137.06","137.87","136.21","","-0.33%"
"12/06/2022","137.05","136.76","137.48","135.96","","0.23%"
"12/05/2022","136.74","134.56","136.88","134.12","","1.82%"
"12/02/2022","134.30","135.29","135.99","133.62","","-0.72%"
"12/01/2022","135.27","138.07","138.12","135.21","","-2.00%"
"11/30/2022","138.03","138.70","139.91","137.65","","-0.47%"
"11/29/2022","138.68","138.96","139.36","137.87","","-0.19%"
"11/28/2022","138.94","139.34","139.43","137.50","","-0.12%"
"11/25/2022","139.10","138.63","139.61","138.36","","0.35%"
"11/24/2022","138.61","139.61","139.64","138.06","","-0.70%"
"11/23/2022","139.59","141.26","141.64","139.17","","-1.17%"
"11/22/2022","141.24","142.14","142.25","141.08","","-0.62%"
"11/21/2022","142.12","140.30","142.27","140.16","","1.26%"
"11/18/2022","140.35","140.20","140.51","139.63","","0.12%"
"11/17/2022","140.18","139.56","140.76","138.88","","0.45%"
"11/16/2022","139.55","139.29","140.30","138.73","","0.19%"
"11/15/2022","139.29","139.90","140.63","137.68","","-0.42%"
"11/14/2022","139.88","138.55","140.81","138.47","","0.79%"
"11/11/2022","138.79","141.01","142.49","138.46","","-1.53%"
"11/10/2022","140.95","146.45","146.61","140.20","","-3.75%"
"11/09/2022","146.44","145.69","146.82","145.17","","0.54%"
"11/08/2022","145.66","146.64","146.95","145.31","","-0.65%"
"11/07/2022","146.62","147.14","147.59","146.09","","0.02%"
"11/04/2022","146.59","148.26","148.41","146.55","","-1.13%"
"11/03/2022","148.27","147.89","148.47","147.11","","0.25%"
"11/02/2022","147.90","148.30","148.38","145.68","","-0.26%"
"11/01/2022","148.28","148.71","148.83","146.99","","-0.29%"
"10/31/2022","148.71","147.76","148.86","147.55","","0.85%"
"10/28/2022","147.45","146.29","147.89","145.99","","0.81%"
"10/27/2022","146.27","146.37","146.95","145.11","","-0.05%"
"10/26/2022","146.35","147.93","148.42","146.22","","-1.05%"
"10/25/2022","147.91","148.98","149.10","147.52","","-0.70%"
"10/24/2022","148.96","147.57","149.70","145.63","","0.89%"
"10/21/2022","147.64","150.15","151.96","146.21","","-1.67%"
"10/20/2022","150.14","149.88","150.30","149.55","","0.17%"
"10/19/2022","149.89","149.27","149.92","149.10","","0.42%"
"10/18/2022","149.26","149.02","149.36","148.67","","0.15%"
"10/17/2022","149.03","148.45","149.09","148.42","","0.19%"
"10/14/2022","148.74","147.20","148.89","147.09","","1.03%"
"10/13/2022","147.22","146.92","147.69","146.50","","0.21%"
"10/12/2022","146.91","145.86","147.01","145.73","","0.72%"
"10/11/2022","145.86","145.69","145.92","145.42","","0.12%"
"10/10/2022","145.68","145.36","145.88","145.23","","0.24%"
"10/07/2022","145.33","145.13","145.46","144.71","","0.14%"
"10/06/2022","145.12","144.66","145.15","144.37","","0.34%"
"10/05/2022","144.63","144.14","144.86","143.52","","0.37%"
"10/04/2022","144.09","144.54","144.95","143.89","","-0.30%"
"10/03/2022","144.53","144.61","145.22","144.15","","-0.15%"
"09/30/2022","144.75","144.45","144.83","144.20","","0.21%"
"09/29/2022","144.45","144.14","144.81","144.05","","0.20%"
"09/28/2022","144.16","144.77","144.87","143.90","","-0.41%"
"09/27/2022","144.76","144.76","144.92","144.06","","0.01%"
"09/26/2022","144.75","143.39","144.80","143.27","","1.00%"
"09/23/2022","143.32","142.38","143.48","141.76","","0.68%"
"09/22/2022","142.35","144.05","145.91","140.35","","-1.17%"
"09/21/2022","144.04","143.75","144.71","143.34","","0.22%"
"09/20/2022","143.72","143.20","143.93","142.94","","0.36%"
"09/19/2022","143.20","142.96","143.65","142.64","","0.20%"
"09/16/2022","142.91","143.51","143.70","142.83","","-0.43%"
"09/15/2022","143.52","143.17","143.82","142.79","","0.26%"
"09/14/2022","143.15","144.58","144.96","142.55","","-0.97%"
"09/13/2022","144.55","142.85","144.70","141.84","","1.20%"
"09/12/2022","142.83","142.25","143.51","142.15","","0.22%"
"09/09/2022","142.52","144.12","144.14","141.50","","-1.09%"
"09/08/2022","144.09","143.73","144.57","143.32","","0.27%"
"09/07/2022","143.70","142.80","145.00","142.72","","0.64%"
"09/06/2022","142.79","140.62","143.09","140.25","","1.56%"
"09/05/2022","140.59","140.18","140.68","140.08","","0.28%"
"09/02/2022","140.20","140.20","140.81","139.87","","0.00%"
"09/01/2022","140.20","138.97","140.24","138.92","","0.89%"
"08/31/2022","138.96","138.81","139.01","138.26","","0.12%"
"08/30/2022","138.79","138.70","139.08","138.05","","0.07%"
"08/29/2022","138.69","137.66","139.01","137.56","","0.85%"
"08/26/2022","137.52","136.51","137.57","136.30","","0.75%"
"08/25/2022","136.50","137.12","137.20","136.32","","-0.44%"
"08/24/2022","137.11","136.79","137.26","136.17","","0.24%"
"08/23/2022","136.78","137.49","137.72","135.81","","-0.50%"
"08/22/2022","137.47","136.88","137.66","136.70","","0.39%"
"08/19/2022","136.93","135.89","137.25","135.71","","0.77%"
"08/18/2022","135.88","135.02","135.92","134.64","","0.64%"
"08/17/2022","135.01","134.24","135.51","133.90","","0.60%"
"08/16/2022","134.21","133.31","134.69","132.94","","0.67%"
"08/15/2022","133.32","133.45","133.60","132.55","","-0.12%"
"08/12/2022","133.48","133.04","133.90","132.88","","0.36%"
"08/11/2022","133.00","132.90","133.32","131.73","","0.10%"
"08/10/2022","132.87","135.16","135.31","132.02","","-1.67%"
"08/09/2022","135.13","135.01","135.22","134.67","","0.10%"
"08/08/2022","135.00","135.01","135.58","134.36","","0.02%"
"08/05/2022","134.97","132.87","135.51","132.51","","1.60%"
"08/04/2022","132.85","133.86","134.44","132.76","","-0.75%"
"08/03/2022","133.86","133.17","134.55","132.28","","0.53%"
"08/02/2022","133.16","131.62","133.19","130.40","","1.18%"
"08/01/2022","131.61","133.23","133.57","131.60","","-1.19%"
"07/29/2022","133.19","134.28","134.68","132.51","","-0.81%"
"07/28/2022","134.28","136.57","136.60","134.20","","-1.66%"
"07/27/2022","136.55","136.93","137.48","136.32","","-0.26%"
"07/26/2022","136.91","136.70","136.98","136.27","","0.18%"
"07/25/2022","136.66","136.07","136.80","135.89","","0.45%"
"07/22/2022","136.05","137.39","137.97","135.57","","-0.96%"
"07/21/2022","137.37","138.24","138.89","137.30","","-0.60%"
"07/20/2022","138.20","138.19","138.39","137.90","","0.01%"
"07/19/2022","138.18","138.14","138.40","137.38","","0.04%"
"07/18/2022","138.12","138.55","138.58","137.89","","-0.30%"
"07/15/2022","138.53","138.97","139.13","138.39","","-0.27%"
"07/14/2022","138.90","137.43","139.40","137.33","","1.08%"
"07/13/2022","137.42","136.88","137.88","136.68","","0.41%"
"07/12/2022","136.86","137.44","137.54","136.48","","-0.41%"
"07/11/2022","137.42","136.03","137.76","136.00","","0.98%"
"07/08/2022","136.08","136.02","136.58","135.33","","0.07%"
"07/07/2022","135.98","135.95","136.24","135.54","","0.04%"
"07/06/2022","135.93","135.89","136.01","134.95","","0.04%"
"07/05/2022","135.87","135.71","136.38","135.52","","0.13%"
"07/04/2022","135.69","135.32","135.79","134.78","","0.37%"
"07/01/2022","135.19","135.73","135.99","134.75","","-0.40%"
"06/30/2022","135.73","136.59","136.82","135.55","","-0.62%"
"06/29/2022","136.58","136.13","137.01","135.79","","0.34%"
"06/28/2022","136.12","135.46","136.40","135.11","","0.51%"
"06/27/2022","135.43","135.12","135.56","134.51","","0.19%"
"06/24/2022","135.17","134.95","135.41","134.36","","0.18%"
"06/23/2022","134.93","136.26","136.26","134.26","","-0.98%"
"06/22/2022","136.26","136.65","136.72","135.69","","-0.26%"
"06/21/2022","136.61","135.10","136.71","134.92","","1.13%"
"06/20/2022","135.08","134.89","135.45","134.54","","0.09%"
"06/17/2022","134.96","132.21","135.44","132.16","","2.09%"
"06/16/2022","132.20","133.83","134.69","131.49","","-1.22%"
"06/15/2022","133.83","135.48","135.60","133.50","","-1.21%"
"06/14/2022","135.47","134.43","135.49","133.87","","0.80%"
"06/13/2022","134.40","134.39","135.19","133.59","","-0.01%"
"06/10/2022","134.42","134.35","134.49","133.36","","0.07%"
"06/09/2022","134.33","134.27","134.56","133.18","","0.07%"
"06/08/2022","134.24","132.57","134.49","132.57","","1.25%"
"06/07/2022","132.58","131.88","133.01","131.86","","0.54%"
"06/06/2022","131.87","130.86","132.02","130.43","","0.77%"
"06/03/2022","130.86","129.86","130.99","129.68","","0.79%"
"06/02/2022","129.83","130.12","130.24","129.51","","-0.22%"
"06/01/2022","130.11","128.65","130.20","128.64","","1.11%"
"05/31/2022","128.68","127.57","128.90","127.53","","0.89%"
"05/30/2022","127.55","127.07","127.83","126.86","","0.35%"
"05/27/2022","127.11","127.14","127.27","126.67","","-0.02%"
"05/26/2022","127.14","127.34","127.59","126.55","","-0.13%"
"05/25/2022","127.31","126.83","127.51","126.65","","0.40%"
"05/24/2022","126.80","127.90","128.09","126.36","","-0.84%"
"05/23/2022","127.87","127.93","128.07","127.15","","0.02%"
"05/20/2022","127.85","127.82","128.31","127.53","","0.04%"
"05/19/2022","127.80","128.23","128.96","127.03","","-0.33%"
"05/18/2022","128.22","129.39","129.55","128.01","","-0.90%"
"05/17/2022","129.39","129.18","129.79","128.82","","0.18%"
"05/16/2022","129.16","129.27","129.64","128.70","","-0.02%"
"05/13/2022","129.19","128.35","129.46","128.25","","0.68%"
"05/12/2022","128.32","129.89","130.06","127.52","","-1.26%"
"05/11/2022","129.96","130.45","130.82","129.45","","-0.36%"
"05/10/2022","130.43","130.26","130.58","129.80","","0.14%"
"05/09/2022","130.25","130.51","131.36","130.12","","-0.24%"
"05/06/2022","130.56","130.19","130.82","130.09","","0.33%"
"05/05/2022","130.13","129.07","130.57","128.75","","0.82%"
"05/04/2022","129.07","130.11","130.39","128.63","","-0.79%"
"05/03/2022","130.10","130.14","130.31","129.70","","-0.03%"
"05/02/2022","130.14","129.78","130.49","129.61","","0.24%"
"04/29/2022","129.83","130.87","130.96","129.31","","-0.78%"
"04/28/2022","130.85","128.44","131.26","128.33","","1.89%"
"04/27/2022","128.42","127.23","128.61","126.95","","0.94%"
"04/26/2022","127.22","128.14","128.23","127.03","","-0.70%"
"04/25/2022","128.12","128.60","128.88","127.52","","-0.34%"
"04/22/2022","128.56","128.39","129.12","127.74","","0.13%"
"04/21/2022","128.39","127.89","128.71","127.80","","0.40%"
"04/20/2022","127.88","128.92","129.41","127.46","","-0.79%"
"04/19/2022","128.90","127.00","128.99","126.97","","1.52%"
"04/18/2022","126.97","126.43","127.01","126.25","","0.49%"
"04/15/2022","126.35","125.87","126.70","125.87","","0.39%"
"04/14/2022","125.86","125.67","126.03","125.09","","0.16%"
"04/13/2022","125.66","125.36","126.33","125.35","","0.25%"
"04/12/2022","125.35","125.37","125.77","124.78","","0.00%"
"04/11/2022","125.35","124.06","125.79","124.00","","0.83%"
"04/08/2022","124.32","123.93","124.69","123.67","","0.32%"
"04/07/2022","123.92","123.80","124.02","123.47","","0.11%"
"04/06/2022","123.79","123.62","124.07","123.47","","0.15%"
"04/05/2022","123.60","122.81","123.68","122.38","","0.67%"
"04/04/2022","122.78","122.64","122.96","122.26","","0.24%"
"04/01/2022","122.49","121.67","123.05","121.67","","0.68%"
"03/31/2022","121.66","121.88","122.46","121.28","","-0.11%"
"03/30/2022","121.80","122.86","123.21","121.31","","-0.85%"
"03/29/2022","122.84","123.72","124.31","121.98","","-0.86%"
"03/28/2022","123.91","121.97","125.11","121.96","","1.52%"
"03/25/2022","122.06","122.36","122.44","121.18","","-0.22%"
"03/24/2022","122.33","121.16","122.42","120.95","","0.97%"
"03/23/2022","121.15","120.79","121.42","120.59","","0.29%"
"03/22/2022","120.80","119.48","121.04","119.44","","1.11%"
"03/21/2022","119.47","119.17","119.51","119.07","","0.25%"
"03/18/2022","119.17","118.60","119.41","118.47","","0.49%"
"03/17/2022","118.59","118.73","119.03","118.37","","-0.11%"
"03/16/2022","118.72","118.31","119.14","118.17","","0.37%"
"03/15/2022","118.28","118.18","118.46","117.71","","0.08%"
"03/14/2022","118.18","117.34","118.23","117.30","","0.77%"
"03/11/2022","117.28","116.15","117.37","116.10","","0.99%"
"03/10/2022","116.13","115.84","116.21","115.81","","0.27%"
"03/09/2022","115.82","115.68","115.96","115.56","","0.14%"
"03/08/2022","115.66","115.32","115.80","115.27","","0.32%"
"03/07/2022","115.29","114.82","115.49","114.79","","0.44%"
"03/04/2022","114.78","115.47","115.56","114.65","","-0.59%"
"03/03/2022","115.46","115.53","115.82","115.38","","-0.03%"
"03/02/2022","115.50","114.91","115.70","114.79","","0.53%"
"03/01/2022","114.89","115.01","115.30","114.70","","-0.09%"
"02/28/2022","114.99","114.98","115.79","114.86","","-0.49%"
"02/25/2022","115.56","115.54","115.78","115.15","","0.03%"
"02/24/2022","115.52","114.99","115.71","114.41","","0.48%"
"02/23/2022","114.97","115.09","115.21","114.92","","-0.10%"
"02/22/2022","115.08","114.74","115.25","114.50","","0.30%"
"02/21/2022","114.74","114.93","115.13","114.71","","-0.23%"
"02/18/2022","115.00","114.94","115.31","114.79","","0.06%"
"02/17/2022","114.93","115.50","115.55","114.85","","-0.46%"
"02/16/2022","115.46","115.64","115.80","115.35","","-0.14%"
"02/15/2022","115.62","115.55","115.89","115.26","","0.08%"
"02/14/2022","115.53","115.28","115.76","115.01","","0.10%"
"02/11/2022","115.41","116.02","116.18","115.01","","-0.51%"
"02/10/2022","116.00","115.51","116.35","115.48","","0.44%"
"02/09/2022","115.49","115.55","115.69","115.32","","-0.04%"
"02/08/2022","115.54","115.10","115.64","115.05","","0.36%"
"02/07/2022","115.12","115.23","115.39","114.91","","-0.07%"
"02/04/2022","115.20","114.98","115.44","114.77","","0.22%"
"02/03/2022","114.95","114.47","115.00","114.33","","0.45%"
"02/02/2022","114.44","114.73","114.81","114.16","","-0.24%"
"02/01/2022","114.71","115.13","115.21","114.57","","-0.34%"
"01/31/2022","115.10","115.23","115.61","114.92","","-0.12%"
"01/28/2022","115.24","115.37","115.70","115.12","","-0.09%"
"01/27/2022","115.34","114.65","115.50","114.47","","0.62%"
"01/26/2022","114.63","113.90","114.71","113.77","","0.68%"
"01/25/2022","113.86","113.98","114.17","113.67","","-0.05%"
"01/24/2022","113.92","113.66","114.01","113.47","","0.21%"
"01/21/2022","113.68","114.11","114.17","113.60","","-0.36%"
"01/20/2022","114.09","114.32","114.56","113.96","","-0.20%"
"01/19/2022","114.32","114.62","114.79","114.21","","-0.25%"
"01/18/2022","114.61","114.64","115.07","114.45","","0.01%"
"01/17/2022","114.60","114.21","114.66","114.13","","0.35%"
"01/14/2022","114.20","114.20","114.27","113.48","","0.03%"
"01/13/2022","114.17","114.65","114.71","114.00","","-0.40%"
"01/12/2022","114.63","115.30","115.48","114.38","","-0.56%"
"01/11/2022","115.28","115.21","115.69","115.12","","0.07%"
"01/10/2022","115.20","115.64","115.86","115.05","","-0.30%"
"01/07/2022","115.55","115.84","116.05","115.51","","-0.23%"
"01/06/2022","115.82","116.13","116.20","115.63","","-0.24%"
"01/05/2022","116.10","116.16","116.26","115.62","","-0.03%"
"01/04/2022","116.14","115.34","116.36","115.29","","0.71%"
"01/03/2022","115.32","115.10","115.38","114.96","","0.21%"
"12/31/2021","115.08","115.08","115.20","115.00","","0.02%"
"12/30/2021","115.06","114.96","115.21","114.94","","0.10%"
"12/29/2021","114.94","114.82","115.04","114.67","","0.11%"
"12/28/2021","114.81","114.87","114.96","114.71","","-0.02%"
"12/27/2021","114.83","114.39","114.93","114.30","","0.37%"
"12/24/2021","114.41","114.38","114.52","114.29","","0.03%"
"12/23/2021","114.37","114.10","114.48","114.07","","0.23%"
"12/22/2021","114.11","114.12","114.38","113.95","","0.03%"
"12/21/2021","114.08","113.60","114.23","113.55","","0.44%"
"12/20/2021","113.58","113.63","113.74","113.33","","-0.08%"
"12/17/2021","113.67","113.66","113.87","113.14","","-0.03%"
"12/16/2021","113.70","114.03","114.26","113.56","","-0.28%"
"12/15/2021","114.02","113.73","114.28","113.62","","0.27%"
"12/14/2021","113.71","113.58","113.77","113.43","","0.13%"
"12/13/2021","113.56","113.28","113.74","113.27","","0.16%"
"12/10/2021","113.38","113.52","113.81","113.22","","-0.05%"
"12/09/2021","113.44","113.68","113.82","113.27","","-0.19%"
"12/08/2021","113.66","113.59","113.97","113.31","","0.08%"
"12/07/2021","113.57","113.47","113.79","113.40","","0.10%"
"12/06/2021","113.46","112.78","113.57","112.77","","0.59%"
"12/03/2021","112.80","113.17","113.63","112.56","","-0.31%"
"12/02/2021","113.15","112.77","113.35","112.71","","0.35%"
"12/01/2021","112.75","113.18","113.64","112.67","","-0.34%"
"11/30/2021","113.13","113.53","113.91","112.53","","-0.34%"
"11/29/2021","113.52","113.35","113.97","112.99","","0.19%"
"11/26/2021","113.31","115.37","115.39","113.05","","-1.77%"
"11/25/2021","115.35","115.42","115.47","115.24","","-0.05%"
"11/24/2021","115.41","115.11","115.53","114.82","","0.25%"
"11/23/2021","115.12","114.92","115.19","114.49","","0.23%"
"11/22/2021","114.86","113.97","114.97","113.91","","0.77%"
"11/19/2021","113.98","114.25","114.55","113.58","","-0.23%"
"11/18/2021","114.24","114.07","114.49","113.88","","0.15%"
"11/17/2021","114.07","114.83","114.98","113.93","","-0.65%"
"11/16/2021","114.82","114.13","114.86","114.10","","0.61%"
"11/15/2021","114.12","113.91","114.23","113.76","","0.24%"
"11/12/2021","113.85","114.07","114.31","113.76","","-0.18%"
"11/11/2021","114.05","113.93","114.16","113.81","","0.13%"
"11/10/2021","113.90","112.88","114.03","112.77","","0.93%"
"11/09/2021","112.85","113.23","113.30","112.72","","-0.33%"
"11/08/2021","113.22","113.44","113.68","113.08","","-0.16%"
"11/05/2021","113.40","113.75","114.04","113.30","","-0.31%"
"11/04/2021","113.75","114.01","114.29","113.51","","-0.20%"
"11/03/2021","113.98","113.96","114.23","113.72","","0.03%"
"11/02/2021","113.95","114.00","114.15","113.46","","-0.03%"
"11/01/2021","113.98","113.98","114.46","113.94","","-0.02%"
"10/29/2021","114.00","113.59","114.10","113.39","","0.39%"
"10/28/2021","113.56","113.83","113.88","113.25","","-0.22%"
"10/27/2021","113.81","114.16","114.23","113.39","","-0.29%"
"10/26/2021","114.14","113.71","114.32","113.68","","0.39%"
"10/25/2021","113.70","113.60","113.93","113.46","","0.21%"
"10/22/2021","113.46","113.98","114.21","113.41","","-0.45%"
"10/21/2021","113.97","114.28","114.42","113.65","","-0.25%"
"10/20/2021","114.26","114.38","114.71","114.08","","-0.09%"
"10/19/2021","114.36","114.33","114.41","113.88","","0.04%"
"10/18/2021","114.31","114.22","114.46","114.01","","0.10%"
"10/15/2021","114.20","113.68","114.48","113.64","","0.48%"
"10/14/2021","113.66","113.28","113.73","113.21","","0.38%"
"10/13/2021","113.23","113.61","113.82","113.23","","-0.33%"
"10/12/2021","113.60","113.31","113.80","113.00","","0.26%"
"10/11/2021","113.30","112.18","113.43","112.15","","0.96%"
"10/08/2021","112.22","111.63","112.27","111.51","","0.56%"
"10/07/2021","111.59","111.42","111.66","111.23","","0.16%"
"10/06/2021","111.41","111.48","111.80","111.20","","-0.04%"
"10/05/2021","111.45","110.89","111.57","110.87","","0.52%"
"10/04/2021","110.87","111.04","111.32","110.83","","-0.16%"
"10/01/2021","111.05","111.28","111.50","110.90","","-0.20%"
"09/30/2021","111.27","111.98","112.09","111.24","","-0.62%"
"09/29/2021","111.96","111.50","112.05","111.21","","0.41%"
"09/28/2021","111.50","111.01","111.65","110.93","","0.45%"
"09/27/2021","111.00","110.69","111.08","110.53","","0.25%"
"09/24/2021","110.72","110.33","110.80","110.25","","0.38%"
"09/23/2021","110.30","109.79","110.36","109.75","","0.47%"
"09/22/2021","109.78","109.24","109.91","109.12","","0.52%"
"09/21/2021","109.21","109.41","109.72","109.18","","-0.16%"
"09/20/2021","109.39","109.98","110.04","109.32","","-0.52%"
"09/17/2021","109.96","109.78","110.08","109.67","","0.24%"
"09/16/2021","109.70","109.38","109.84","109.21","","0.31%"
"09/15/2021","109.36","109.68","109.75","109.11","","-0.28%"
"09/14/2021","109.67","110.00","110.17","109.53","","-0.28%"
"09/13/2021","109.98","109.89","110.17","109.85","","0.05%"
"09/10/2021","109.93","109.72","110.00","109.69","","0.21%"
"09/09/2021","109.70","110.24","110.30","109.62","","-0.48%"
"09/08/2021","110.23","110.29","110.46","110.14","","-0.04%"
"09/07/2021","110.27","109.86","110.32","109.69","","0.40%"
"09/06/2021","109.83","109.75","109.96","109.70","","0.09%"
"09/03/2021","109.73","109.96","110.08","109.59","","-0.17%"
"09/02/2021","109.92","110.01","110.12","109.92","","-0.06%"
"09/01/2021","109.99","110.03","110.43","109.88","","-0.03%"
"08/31/2021","110.02","109.94","110.09","109.59","","0.09%"
"08/30/2021","109.92","109.86","109.97","109.70","","0.09%"
"08/27/2021","109.82","110.10","110.28","109.78","","-0.23%"
"08/26/2021","110.07","110.00","110.24","109.92","","0.07%"
"08/25/2021","109.99","109.64","110.13","109.62","","0.34%"
"08/24/2021","109.62","109.70","109.90","109.41","","-0.05%"
"08/23/2021","109.68","109.81","110.16","109.65","","-0.11%"
"08/20/2021","109.80","109.75","109.89","109.57","","0.07%"
"08/19/2021","109.72","109.77","110.23","109.49","","-0.02%"
"08/18/2021","109.74","109.58","110.07","109.48","","0.16%"
"08/17/2021","109.57","109.23","109.66","109.12","","0.31%"
"08/16/2021","109.23","109.71","109.76","109.11","","-0.31%"
"08/13/2021","109.57","110.40","110.47","109.54","","-0.73%"
"08/12/2021","110.38","110.42","110.55","110.31","","-0.02%"
"08/11/2021","110.40","110.58","110.81","110.31","","-0.14%"
"08/10/2021","110.56","110.29","110.60","110.28","","0.25%"
"08/09/2021","110.28","110.27","110.36","110.02","","0.03%"
"08/06/2021","110.25","109.77","110.36","109.70","","0.46%"
"08/05/2021","109.74","109.49","109.80","109.41","","0.25%"
"08/04/2021","109.47","109.07","109.69","108.72","","0.39%"
"08/03/2021","109.04","109.32","109.36","108.88","","-0.22%"
"08/02/2021","109.28","109.70","109.79","109.19","","-0.38%"
"07/30/2021","109.70","109.49","109.83","109.36","","0.22%"
"07/29/2021","109.46","109.91","109.96","109.42","","-0.40%"
"07/28/2021","109.90","109.76","110.29","109.74","","0.13%"
"07/27/2021","109.76","110.36","110.41","109.58","","-0.53%"
"07/26/2021","110.34","110.57","110.59","110.12","","-0.18%"
"07/23/2021","110.54","110.16","110.60","110.09","","0.36%"
"07/22/2021","110.14","110.33","110.37","110.01","","-0.12%"
"07/21/2021","110.27","109.85","110.39","109.80","","0.39%"
"07/20/2021","109.84","109.44","109.96","109.33","","0.37%"
"07/19/2021","109.44","109.92","110.11","109.07","","-0.58%"
"07/16/2021","110.08","109.88","110.36","109.73","","0.20%"
"07/15/2021","109.86","109.98","110.10","109.71","","-0.12%"
"07/14/2021","109.99","110.64","110.71","109.93","","-0.56%"
"07/13/2021","110.61","110.39","110.65","110.20","","0.24%"
"07/12/2021","110.35","110.17","110.41","109.98","","0.19%"
"07/09/2021","110.14","109.81","110.27","109.73","","0.32%"
"07/08/2021","109.79","110.65","110.71","109.53","","-0.78%"
"07/07/2021","110.65","110.64","110.83","110.40","","0.05%"
"07/06/2021","110.60","110.97","110.99","110.52","","-0.32%"
"07/05/2021","110.96","111.06","111.20","110.80","","-0.07%"
"07/02/2021","111.04","111.54","111.67","110.95","","-0.41%"
"07/01/2021","111.50","111.11","111.65","111.03","","0.36%"
"06/30/2021","111.10","110.53","111.12","110.42","","0.54%"
"06/29/2021","110.50","110.64","110.77","110.43","","-0.11%"
"06/28/2021","110.62","110.75","110.98","110.50","","-0.14%"
"06/25/2021","110.77","110.88","110.99","110.48","","-0.08%"
"06/24/2021","110.86","110.96","111.12","110.69","","-0.07%"
"06/23/2021","110.94","110.65","111.11","110.62","","0.27%"
"06/22/2021","110.64","110.32","110.80","110.21","","0.31%"
"06/21/2021","110.30","110.27","110.35","109.72","","0.10%"
"06/18/2021","110.19","110.22","110.49","109.94","","-0.01%"
"06/17/2021","110.20","110.70","110.83","110.17","","-0.44%"
"06/16/2021","110.69","110.08","110.73","109.80","","0.56%"
"06/15/2021","110.07","110.07","110.18","109.98","","0.01%"
"06/14/2021","110.06","109.65","110.10","109.60","","0.37%"
"06/11/2021","109.65","109.32","109.85","109.31","","0.31%"
"06/10/2021","109.31","109.63","109.81","109.30","","-0.27%"
"06/09/2021","109.61","109.50","109.66","109.22","","0.11%"
"06/08/2021","109.49","109.26","109.56","109.20","","0.23%"
"06/07/2021","109.24","109.52","109.65","109.19","","-0.23%"
"06/04/2021","109.49","110.30","110.34","109.36","","-0.72%"
"06/03/2021","110.28","109.56","110.33","109.54","","0.68%"
"06/02/2021","109.54","109.48","109.90","109.42","","0.08%"
"06/01/2021","109.45","109.57","109.72","109.33","","-0.08%"
"05/31/2021","109.54","109.84","109.95","109.35","","-0.25%"
"05/28/2021","109.81","109.82","110.21","109.74","","0.01%"
"05/27/2021","109.80","109.15","109.93","109.03","","0.60%"
"05/26/2021","109.14","108.78","109.18","108.72","","0.35%"
"05/25/2021","108.76","108.74","109.08","108.57","","0.02%"
"05/24/2021","108.74","108.95","109.00","108.69","","-0.18%"
"05/21/2021","108.94","108.79","109.01","108.61","","0.17%"
"05/20/2021","108.75","109.24","109.31","108.75","","-0.42%"
"05/19/2021","109.21","108.90","109.35","108.57","","0.30%"
"05/18/2021","108.88","109.21","109.29","108.84","","-0.28%"
"05/17/2021","109.19","109.28","109.51","109.07","","-0.14%"
"05/14/2021","109.34","109.47","109.66","109.20","","-0.10%"
"05/13/2021","109.45","109.67","109.79","109.40","","-0.18%"
"05/12/2021","109.65","108.62","109.72","108.59","","0.96%"
"05/11/2021","108.61","108.80","108.99","108.35","","-0.16%"
"05/10/2021","108.78","108.67","109.07","108.46","","0.17%"
"05/07/2021","108.60","109.10","109.30","108.34","","-0.44%"
"05/06/2021","109.08","109.21","109.44","109.00","","-0.09%"
"05/05/2021","109.18","109.35","109.48","109.14","","-0.14%"
"05/04/2021","109.33","109.08","109.50","109.03","","0.25%"
"05/03/2021","109.06","109.27","109.71","108.90","","-0.19%"
"04/30/2021","109.27","108.92","109.38","108.71","","0.33%"
"04/29/2021","108.91","108.60","109.23","108.43","","0.29%"
"04/28/2021","108.59","108.74","109.09","108.57","","-0.08%"
"04/27/2021","108.68","108.08","108.78","108.07","","0.56%"
"04/26/2021","108.08","107.99","108.21","107.64","","0.16%"
"04/23/2021","107.91","107.97","108.15","107.48","","-0.05%"
"04/22/2021","107.96","108.07","108.24","107.81","","-0.08%"
"04/21/2021","108.05","108.10","108.29","107.88","","-0.03%"
"04/20/2021","108.08","108.16","108.55","107.97","","-0.06%"
"04/19/2021","108.15","108.78","108.84","108.01","","-0.57%"
"04/16/2021","108.77","108.78","108.97","108.61","","0.03%"
"04/15/2021","108.74","108.92","108.99","108.61","","-0.16%"
"04/14/2021","108.91","109.07","109.10","108.75","","-0.13%"
"04/13/2021","109.05","109.38","109.77","109.02","","-0.29%"
"04/12/2021","109.37","109.68","109.78","109.24","","-0.26%"
"04/09/2021","109.65","109.25","109.96","109.20","","0.38%"
"04/08/2021","109.24","109.86","109.91","109.00","","-0.55%"
"04/07/2021","109.84","109.75","109.96","109.58","","0.09%"
"04/06/2021","109.74","110.17","110.57","109.67","","-0.39%"
"04/05/2021","110.17","110.63","110.76","109.96","","-0.49%"
"04/02/2021","110.71","110.63","110.76","110.37","","0.10%"
"04/01/2021","110.60","110.75","110.86","110.54","","-0.09%"
"03/31/2021","110.70","110.36","110.97","110.27","","0.33%"
"03/30/2021","110.34","109.80","110.43","109.75","","0.51%"
"03/29/2021","109.78","109.66","109.86","109.37","","0.13%"
"03/26/2021","109.64","109.19","109.86","109.13","","0.43%"
"03/25/2021","109.17","108.74","109.24","108.72","","0.41%"
"03/24/2021","108.72","108.59","108.96","108.45","","0.15%"
"03/23/2021","108.56","108.85","108.89","108.40","","-0.25%"
"03/22/2021","108.83","108.87","108.96","108.52","","-0.04%"
"03/19/2021","108.87","108.89","109.13","108.61","","-0.01%"
"03/18/2021","108.88","108.85","109.31","108.63","","0.05%"
"03/17/2021","108.83","109.00","109.33","108.75","","-0.14%"
"03/16/2021","108.98","109.13","109.30","108.77","","-0.13%"
"03/15/2021","109.12","109.07","109.37","108.91","","0.11%"
"03/12/2021","109.00","108.51","109.17","108.49","","0.47%"
"03/11/2021","108.49","108.38","108.82","108.36","","0.10%"
"03/10/2021","108.38","108.48","108.93","108.34","","-0.07%"
"03/09/2021","108.46","108.90","109.25","108.41","","-0.37%"
"03/08/2021","108.86","108.41","108.95","108.31","","0.48%"
"03/05/2021","108.34","107.98","108.65","107.82","","0.34%"
"03/04/2021","107.97","107.00","107.99","106.97","","0.92%"
"03/03/2021","106.99","106.69","107.16","106.68","","0.30%"
"03/02/2021","106.67","106.77","106.97","106.67","","-0.07%"
"03/01/2021","106.75","106.57","106.89","106.36","","0.16%"
"02/26/2021","106.58","106.23","106.70","105.85","","0.35%"
"02/25/2021","106.21","105.89","106.41","105.83","","0.33%"
"02/24/2021","105.86","105.26","106.12","105.19","","0.59%"
"02/23/2021","105.24","105.08","105.44","104.92","","0.17%"
"02/22/2021","105.06","105.42","105.85","104.98","","-0.35%"
"02/19/2021","105.43","105.70","105.76","105.24","","-0.22%"
"02/18/2021","105.66","105.88","105.94","105.60","","-0.18%"
"02/17/2021","105.85","106.04","106.23","105.78","","-0.18%"
"02/16/2021","106.04","105.39","106.08","105.18","","0.65%"
"02/15/2021","105.36","105.00","105.43","104.93","","0.41%"
"02/12/2021","104.93","104.76","105.19","104.73","","0.20%"
"02/11/2021","104.72","104.59","104.81","104.55","","0.14%"
"02/10/2021","104.57","104.60","104.85","104.41","","0.00%"
"02/09/2021","104.57","105.23","105.28","104.50","","-0.62%"
"02/08/2021","105.22","105.39","105.68","105.15","","-0.13%"
"02/05/2021","105.36","105.53","105.78","105.33","","-0.17%"
"02/04/2021","105.54","105.02","105.58","104.97","","0.50%"
"02/03/2021","105.01","104.98","105.12","104.92","","0.04%"
"02/02/2021","104.97","104.93","105.19","104.83","","0.06%"
"02/01/2021","104.91","104.68","105.04","104.61","","0.22%"
"01/29/2021","104.68","104.24","104.95","104.22","","0.45%"
"01/28/2021","104.21","104.11","104.47","104.06","","0.12%"
"01/27/2021","104.09","103.62","104.21","103.58","","0.47%"
"01/26/2021","103.60","103.74","103.84","103.55","","-0.13%"
"01/25/2021","103.73","103.80","103.95","103.67","","-0.04%"
"01/22/2021","103.77","103.51","103.90","103.48","","0.28%"
"01/21/2021","103.48","103.54","103.67","103.32","","-0.04%"
"01/20/2021","103.52","103.91","103.95","103.44","","-0.36%"
"01/19/2021","103.89","103.69","104.10","103.65","","0.19%"
"01/18/2021","103.69","103.77","103.94","103.63","","-0.17%"
"01/15/2021","103.87","103.81","103.92","103.62","","0.08%"
"01/14/2021","103.79","103.90","104.21","103.56","","-0.06%"
"01/13/2021","103.85","103.75","104.01","103.53","","0.10%"
"01/12/2021","103.75","104.28","104.35","103.72","","-0.47%"
"01/11/2021","104.24","103.90","104.41","103.84","","0.30%"
"01/08/2021","103.93","103.79","104.10","103.61","","0.13%"
"01/07/2021","103.80","103.04","103.97","102.95","","0.74%"
"01/06/2021","103.04","102.75","103.45","102.59","","0.31%"
"01/05/2021","102.72","103.13","103.20","102.60","","-0.37%"
"01/04/2021","103.10","103.18","103.32","102.71","","-0.10%"
"01/01/2021","103.20","103.26","103.26","103.21","","-0.04%"
"12/31/2020","103.24","103.19","103.33","102.99","","0.07%"
"12/30/2020","103.17","103.59","103.61","102.96","","-0.38%"
"12/29/2020","103.56","103.80","103.85","103.46","","-0.21%"
"12/28/2020","103.78","103.54","103.90","103.40","","0.29%"
"12/25/2020","103.48","103.65","103.69","103.39","","-0.14%"
"12/24/2020","103.63","103.58","103.77","103.50","","0.08%"
"12/23/2020","103.55","103.65","103.66","103.36","","-0.08%"
"12/22/2020","103.63","103.33","103.75","103.28","","0.32%"
"12/21/2020","103.30","103.39","103.89","103.25","","-0.01%"
"12/18/2020","103.31","103.13","103.60","103.10","","0.20%"
"12/17/2020","103.10","103.50","103.57","102.88","","-0.37%"
"12/16/2020","103.48","103.67","103.92","103.26","","-0.17%"
"12/15/2020","103.66","104.04","104.16","103.60","","-0.36%"
"12/14/2020","104.03","104.01","104.12","103.51","","0.02%"
"12/11/2020","104.01","104.22","104.29","103.82","","-0.18%"
"12/10/2020","104.20","104.24","104.59","104.17","","-0.01%"
"12/09/2020","104.21","104.17","104.42","104.05","","0.06%"
"12/08/2020","104.15","104.06","104.22","103.95","","0.09%"
"12/07/2020","104.06","104.14","104.33","103.92","","-0.08%"
"12/04/2020","104.14","103.85","104.26","103.74","","0.30%"
"12/03/2020","103.83","104.40","104.55","103.67","","-0.55%"
"12/02/2020","104.40","104.33","104.76","104.22","","0.10%"
"12/01/2020","104.30","104.32","104.59","104.18","","0.03%"
"11/30/2020","104.27","104.07","104.42","103.83","","0.16%"
"11/27/2020","104.10","104.27","104.30","103.91","","-0.14%"
"11/26/2020","104.25","104.46","104.49","104.21","","-0.19%"
"11/25/2020","104.45","104.44","104.61","104.26","","0.02%"
"11/24/2020","104.43","104.56","104.77","104.15","","-0.11%"
"11/23/2020","104.54","103.85","104.65","103.68","","0.66%"
"11/20/2020","103.85","103.74","103.92","103.70","","0.13%"
"11/19/2020","103.72","103.82","104.23","103.72","","-0.11%"
"11/18/2020","103.83","104.22","104.23","103.65","","-0.33%"
"11/17/2020","104.17","104.58","104.63","104.07","","-0.37%"
"11/16/2020","104.56","104.89","105.14","104.36","","-0.06%"
"11/13/2020","104.62","105.14","105.17","104.56","","-0.48%"
"11/12/2020","105.12","105.43","105.49","105.07","","-0.28%"
"11/11/2020","105.42","105.31","105.69","105.00","","0.13%"
"11/10/2020","105.28","105.38","105.50","104.80","","-0.08%"
"11/09/2020","105.36","103.35","105.66","103.20","","1.96%"
"11/06/2020","103.33","103.52","103.77","103.17","","-0.14%"
"11/05/2020","103.47","104.52","104.57","103.44","","-0.97%"
"11/04/2020","104.48","104.48","105.35","104.15","","0.02%"
"11/03/2020","104.46","104.73","104.82","104.44","","-0.24%"
"11/02/2020","104.71","104.58","104.96","104.54","","0.07%"
"10/30/2020","104.64","104.64","104.75","104.12","","0.03%"
"10/29/2020","104.61","104.36","104.74","104.03","","0.31%"
"10/28/2020","104.29","104.42","104.57","104.11","","-0.11%"
"10/27/2020","104.40","104.84","104.90","104.39","","-0.40%"
"10/26/2020","104.82","104.75","105.07","104.65","","0.12%"
"10/23/2020","104.69","104.85","104.95","104.55","","-0.12%"
"10/22/2020","104.82","104.59","104.93","104.47","","0.25%"
"10/21/2020","104.56","105.50","105.53","104.34","","-0.88%"
"10/20/2020","105.49","105.44","105.76","105.39","","0.07%"
"10/19/2020","105.42","105.40","105.52","105.30","","0.02%"
"10/16/2020","105.40","105.46","105.46","105.19","","-0.04%"
"10/15/2020","105.44","105.14","105.51","105.09","","0.28%"
"10/14/2020","105.15","105.48","105.53","105.04","","-0.30%"
"10/13/2020","105.47","105.34","105.64","105.28","","0.16%"
"10/12/2020","105.30","105.71","105.89","105.24","","-0.27%"
"10/09/2020","105.59","106.03","106.05","105.58","","-0.40%"
"10/08/2020","106.01","105.97","106.11","105.92","","0.05%"
"10/07/2020","105.96","105.64","106.12","105.60","","0.32%"
"10/06/2020","105.62","105.74","105.79","105.47","","-0.09%"
"10/05/2020","105.72","105.30","105.81","105.29","","0.37%"
"10/02/2020","105.33","105.53","105.68","104.94","","-0.16%"
"10/01/2020","105.50","105.47","105.76","105.40","","0.05%"
"09/30/2020","105.45","105.64","105.81","105.40","","-0.18%"
"09/29/2020","105.64","105.51","105.75","105.34","","0.14%"
"09/28/2020","105.49","105.52","105.70","105.26","","-0.10%"
"09/25/2020","105.60","105.42","105.71","105.24","","0.19%"
"09/24/2020","105.40","105.41","105.54","105.20","","0.03%"
"09/23/2020","105.37","104.93","105.50","104.90","","0.44%"
"09/22/2020","104.91","104.65","105.09","104.40","","0.26%"
"09/21/2020","104.64","104.45","104.84","104.00","","0.09%"
"09/18/2020","104.55","104.75","104.88","104.27","","-0.17%"
"09/17/2020","104.73","104.95","105.18","104.52","","-0.20%"
"09/16/2020","104.94","105.44","105.45","104.80","","-0.46%"
"09/15/2020","105.43","105.73","105.83","105.30","","-0.27%"
"09/14/2020","105.72","106.17","106.22","105.55","","-0.40%"
"09/11/2020","106.14","106.13","106.28","106.06","","0.01%"
"09/10/2020","106.13","106.21","106.31","105.98","","-0.04%"
"09/09/2020","106.17","106.04","106.29","105.78","","0.15%"
"09/08/2020","106.01","106.30","106.40","105.86","","-0.23%"
"09/07/2020","106.25","106.28","106.39","106.13","","0.02%"
"09/04/2020","106.23","106.19","106.51","106.06","","0.06%"
"09/03/2020","106.17","106.19","106.57","106.00","","-0.01%"
"09/02/2020","106.18","105.97","106.32","105.85","","0.22%"
"09/01/2020","105.95","105.93","106.16","105.59","","0.06%"
"08/31/2020","105.89","105.36","106.10","105.30","","0.52%"
"08/28/2020","105.34","106.57","106.96","105.20","","-1.14%"
"08/27/2020","106.55","105.99","106.72","105.61","","0.54%"
"08/26/2020","105.98","106.40","106.56","105.95","","-0.36%"
"08/25/2020","106.36","105.98","106.59","105.87","","0.37%"
"08/24/2020","105.97","105.87","106.01","105.69","","0.18%"
"08/21/2020","105.78","105.79","106.09","105.44","","-0.01%"
"08/20/2020","105.79","106.12","106.23","105.74","","-0.29%"
"08/19/2020","106.10","105.41","106.16","105.10","","0.65%"
"08/18/2020","105.42","106.01","106.08","105.28","","-0.54%"
"08/17/2020","105.99","106.63","106.67","105.94","","-0.56%"
"08/14/2020","106.59","106.91","107.05","106.44","","-0.31%"
"08/13/2020","106.92","106.89","107.06","106.56","","0.03%"
"08/12/2020","106.89","106.52","107.03","106.44","","0.39%"
"08/11/2020","106.48","105.96","106.70","105.92","","0.50%"
"08/10/2020","105.95","105.96","106.21","105.71","","0.04%"
"08/07/2020","105.91","105.52","106.07","105.48","","0.35%"
"08/06/2020","105.54","105.58","105.71","105.30","","-0.03%"
"08/05/2020","105.57","105.72","105.89","105.32","","-0.12%"
"08/04/2020","105.70","105.96","106.21","105.64","","-0.23%"
"08/03/2020","105.94","105.89","106.48","105.58","","0.06%"
"07/31/2020","105.88","104.71","106.07","104.18","","1.11%"
"07/30/2020","104.72","104.92","105.31","104.68","","-0.18%"
"07/29/2020","104.91","105.06","105.25","104.77","","-0.16%"
"07/28/2020","105.08","105.37","105.70","104.95","","-0.28%"
"07/27/2020","105.37","105.98","106.21","105.12","","-0.71%"
"07/24/2020","106.12","106.87","106.92","105.68","","-0.68%"
"07/23/2020","106.85","107.16","107.24","106.71","","-0.27%"
"07/22/2020","107.14","106.78","107.30","106.71","","0.36%"
"07/21/2020","106.76","107.27","107.38","106.68","","-0.45%"
"07/20/2020","107.24","107.11","107.53","107.01","","0.23%"
"07/17/2020","106.99","107.27","107.37","106.94","","-0.25%"
"07/16/2020","107.26","106.94","107.41","106.83","","0.32%"
"07/15/2020","106.92","107.23","107.32","106.66","","-0.29%"
"07/14/2020","107.23","107.29","107.44","107.12","","-0.03%"
"07/13/2020","107.26","106.91","107.33","106.78","","0.35%"
"07/10/2020","106.89","107.21","107.27","106.64","","-0.28%"
"07/09/2020","107.19","107.31","107.41","107.10","","-0.06%"
"07/08/2020","107.25","107.52","107.72","107.20","","-0.24%"
"07/07/2020","107.51","107.35","107.80","107.24","","0.15%"
"07/06/2020","107.35","107.51","107.78","107.26","","-0.14%"
"07/03/2020","107.50","107.50","107.58","107.43","","0.02%"
"07/02/2020","107.48","107.47","107.74","107.33","","0.02%"
"07/01/2020","107.46","107.94","108.17","107.36","","-0.43%"
"06/30/2020","107.92","107.57","108.00","107.52","","0.33%"
"06/29/2020","107.56","107.20","107.90","107.04","","0.33%"
"06/26/2020","107.21","107.24","107.37","106.80","","0.02%"
"06/25/2020","107.19","107.06","107.47","106.99","","0.16%"
"06/24/2020","107.02","106.52","107.08","106.38","","0.48%"
"06/23/2020","106.51","106.91","107.23","106.07","","-0.34%"
"06/22/2020","106.87","106.91","107.02","106.76","","0.00%"
"06/19/2020","106.87","106.98","107.07","106.77","","-0.08%"
"06/18/2020","106.96","107.01","107.14","106.67","","-0.04%"
"06/17/2020","107.00","107.35","107.46","106.95","","-0.30%"
"06/16/2020","107.32","107.34","107.64","107.21","","0.01%"
"06/15/2020","107.31","107.34","107.58","107.00","","-0.03%"
"06/12/2020","107.34","106.88","107.56","106.59","","0.46%"
"06/11/2020","106.85","107.13","107.24","106.58","","-0.22%"
"06/10/2020","107.09","107.73","107.89","106.99","","-0.58%"
"06/09/2020","107.72","108.44","108.55","107.62","","-0.65%"
"06/08/2020","108.42","109.69","109.70","108.24","","-1.06%"
"06/05/2020","109.58","109.14","109.86","109.04","","0.41%"
"06/04/2020","109.13","108.89","109.20","108.62","","0.22%"
"06/03/2020","108.89","108.68","109.00","108.42","","0.21%"
"06/02/2020","108.66","107.59","108.78","107.51","","1.00%"
"06/01/2020","107.58","107.74","107.87","107.38","","-0.18%"
"05/29/2020","107.77","107.67","107.91","107.08","","0.13%"
"05/28/2020","107.63","107.73","107.91","107.57","","-0.07%"
"05/27/2020","107.71","107.54","107.96","107.36","","0.18%"
"05/26/2020","107.52","107.71","107.94","107.40","","-0.16%"
"05/25/2020","107.69","107.59","107.79","107.56","","0.07%"
"05/22/2020","107.61","107.61","107.77","107.32","","0.00%"
"05/21/2020","107.61","107.50","107.86","107.48","","0.09%"
"05/20/2020","107.51","107.71","107.99","107.33","","-0.16%"
"05/19/2020","107.68","107.33","108.09","107.30","","0.33%"
"05/18/2020","107.33","107.09","107.52","107.04","","0.29%"
"05/15/2020","107.02","107.26","107.45","106.85","","-0.21%"
"05/14/2020","107.24","107.04","107.38","106.77","","0.21%"
"05/13/2020","107.02","107.11","107.28","106.74","","-0.10%"
"05/12/2020","107.13","107.69","107.71","107.12","","-0.49%"
"05/11/2020","107.66","106.64","107.78","106.54","","0.95%"
"05/08/2020","106.65","106.29","106.76","106.22","","0.36%"
"05/07/2020","106.27","106.11","106.67","105.99","","0.12%"
"05/06/2020","106.14","106.61","106.64","105.98","","-0.41%"
"05/05/2020","106.58","106.78","106.91","106.42","","-0.14%"
"05/04/2020","106.73","106.83","107.08","106.63","","-0.19%"
"05/01/2020","106.93","107.19","107.41","106.60","","-0.22%"
"04/30/2020","107.17","106.72","107.51","106.41","","0.44%"
"04/29/2020","106.70","106.88","106.90","106.36","","-0.15%"
"04/28/2020","106.86","107.23","107.35","106.56","","-0.34%"
"04/27/2020","107.22","107.49","107.64","106.99","","-0.26%"
"04/24/2020","107.50","107.59","107.77","107.37","","-0.07%"
"04/23/2020","107.58","107.76","108.05","107.34","","-0.13%"
"04/22/2020","107.72","107.82","107.95","107.51","","-0.04%"
"04/21/2020","107.76","107.63","107.90","107.28","","0.14%"
"04/20/2020","107.61","107.57","107.96","107.49","","0.09%"
"04/17/2020","107.51","107.96","108.09","107.30","","-0.40%"
"04/16/2020","107.94","107.49","108.10","107.17","","0.44%"
"04/15/2020","107.47","107.22","107.87","106.93","","0.25%"
"04/14/2020","107.20","107.78","107.81","106.98","","-0.52%"
"04/13/2020","107.76","108.54","108.54","107.50","","-0.65%"
"04/10/2020","108.46","108.54","108.61","108.33","","0.00%"
"04/09/2020","108.46","108.83","109.07","108.21","","-0.32%"
"04/08/2020","108.81","108.72","109.11","108.50","","0.10%"
"04/07/2020","108.70","109.24","109.29","108.67","","-0.46%"
"04/06/2020","109.20","108.44","109.39","108.35","","0.69%"
"04/03/2020","108.45","107.92","108.69","107.80","","0.51%"
"04/02/2020","107.90","107.17","108.11","107.02","","0.70%"
"04/01/2020","107.15","107.55","107.95","106.91","","-0.35%"
"03/31/2020","107.53","107.77","108.74","107.46","","-0.26%"
"03/30/2020","107.81","107.90","108.31","107.12","","-0.07%"
"03/27/2020","107.89","109.60","109.72","107.76","","-1.54%"
"03/26/2020","109.58","111.21","111.32","109.21","","-1.45%"
"03/25/2020","111.19","111.22","111.70","110.75","","-0.02%"
"03/24/2020","111.21","111.22","111.73","110.08","","0.01%"
"03/23/2020","111.20","111.04","111.61","109.67","","0.36%"
"03/20/2020","110.80","110.72","111.52","109.31","","0.10%"
"03/19/2020","110.69","108.07","110.97","107.85","","2.43%"
"03/18/2020","108.06","107.69","108.67","106.76","","0.36%"
"03/17/2020","107.67","105.87","107.87","105.87","","1.72%"
"03/16/2020","105.85","107.94","107.94","105.15","","-1.91%"
"03/13/2020","107.91","104.64","108.51","104.50","","3.13%"
"03/12/2020","104.63","104.57","106.10","103.10","","0.10%"
"03/11/2020","104.53","105.66","105.69","104.10","","-1.04%"
"03/10/2020","105.63","102.38","105.93","102.01","","3.21%"
"03/09/2020","102.34","104.91","104.93","101.19","","-2.81%"
"03/06/2020","105.30","106.17","106.36","104.99","","-0.81%"
"03/05/2020","106.16","107.54","107.75","105.98","","-1.26%"
"03/04/2020","107.52","107.13","107.69","106.85","","0.37%"
"03/03/2020","107.12","108.32","108.55","106.94","","-1.09%"
"03/02/2020","108.30","107.40","108.58","106.99","","0.21%"
"02/28/2020","108.07","109.60","109.69","107.51","","-1.38%"
"02/27/2020","109.58","110.43","110.47","109.57","","-0.76%"
"02/26/2020","110.42","110.21","110.71","110.13","","0.22%"
"02/25/2020","110.18","110.73","111.05","109.89","","-0.48%"
"02/24/2020","110.71","111.60","111.69","110.33","","-0.77%"
"02/21/2020","111.57","112.12","112.19","111.48","","-0.48%"
"02/20/2020","112.11","111.37","112.23","111.11","","0.68%"
"02/19/2020","111.35","109.87","111.60","109.85","","1.36%"
"02/18/2020","109.86","109.88","109.95","109.66","","-0.02%"
"02/17/2020","109.88","109.78","109.98","109.72","","0.13%"
"02/14/2020","109.74","109.82","109.91","109.70","","-0.06%"
"02/13/2020","109.81","110.11","110.11","109.62","","-0.25%"
"02/12/2020","110.08","109.79","110.15","109.77","","0.28%"
"02/11/2020","109.77","109.78","109.97","109.73","","0.03%"
"02/10/2020","109.74","109.85","109.88","109.56","","0.02%"
"02/07/2020","109.72","110.00","110.03","109.53","","-0.25%"
"02/06/2020","109.99","109.83","110.01","109.72","","0.17%"
"02/05/2020","109.80","109.53","109.86","109.30","","0.26%"
"02/04/2020","109.51","108.69","109.55","108.55","","0.77%"
"02/03/2020","108.67","108.41","108.81","108.32","","0.27%"
"01/31/2020","108.38","108.97","109.14","108.32","","-0.52%"
"01/30/2020","108.95","109.02","109.07","108.59","","-0.04%"
"01/29/2020","108.99","109.15","109.27","108.98","","-0.13%"
"01/28/2020","109.13","108.90","109.21","108.76","","0.22%"
"01/27/2020","108.89","109.05","109.15","108.73","","-0.35%"
"01/24/2020","109.27","109.50","109.66","109.17","","-0.19%"
"01/23/2020","109.48","109.84","109.87","109.27","","-0.32%"
"01/22/2020","109.83","109.87","110.10","109.82","","-0.03%"
"01/21/2020","109.86","110.19","110.23","109.76","","-0.29%"
"01/20/2020","110.18","110.16","110.23","110.04","","0.04%"
"01/17/2020","110.14","110.14","110.29","110.05","","0.00%"
"01/16/2020","110.14","109.90","110.19","109.85","","0.24%"
"01/15/2020","109.88","109.99","110.02","109.79","","-0.08%"
"01/14/2020","109.97","109.94","110.22","109.86","","0.04%"
"01/13/2020","109.93","109.49","109.95","109.45","","0.43%"
"01/10/2020","109.46","109.52","109.70","109.43","","-0.05%"
"01/09/2020","109.51","109.12","109.59","109.01","","0.36%"
"01/08/2020","109.12","108.42","109.25","107.65","","0.65%"
"01/07/2020","108.42","108.37","108.64","108.26","","0.06%"
"01/06/2020","108.36","108.01","108.51","107.77","","0.26%"
"01/03/2020","108.08","108.57","108.64","107.83","","-0.45%"
"01/02/2020","108.57","108.76","108.87","108.21","","-0.12%"
"01/01/2020","108.70","108.63","108.76","108.61","","0.08%"